,ds,yhat
0,2013-01-01,71159.98078111696
1,2013-01-02,71702.7057254329
2,2013-01-03,72063.73518505905
3,2013-01-04,71922.03984355184
4,2013-01-05,67481.19650629091
5,2013-01-06,65624.8905982946
6,2013-01-07,72747.82297844399
7,2013-01-08,74695.0900463867
8,2013-01-09,75366.84904307482
9,2013-01-10,75796.38322397746
10,2013-01-11,75662.09651010041
11,2013-01-12,71168.26309623786
12,2013-01-13,69200.50051785904
13,2013-01-14,76156.6186460275
14,2013-01-15,77885.91508534047
15,2013-01-16,78293.73104361157
16,2013-01-17,78419.38513324567
17,2013-01-18,77948.01803238818
18,2013-01-19,73091.17726499765
19,2013-01-20,70742.1147397217
20,2013-01-21,77306.45390724187
21,2013-01-22,78641.30153947906
22,2013-01-23,78659.62274827872
23,2013-01-24,78408.00115538089
24,2013-01-25,77578.32138152557
25,2013-01-26,72388.20703174185
26,2013-01-27,69736.19031283454
27,2013-01-28,76032.27312705894
28,2013-01-29,77136.95704358435
29,2013-01-30,76965.56251644928
30,2013-01-31,76565.96032442988
31,2013-02-01,75630.2527511384
32,2013-02-02,70375.23731703042
33,2013-02-03,67697.62813127432
34,2013-02-04,74004.6929711287
35,2013-02-05,75153.38113633549
36,2013-02-06,75054.75954325098
37,2013-02-07,74751.87666177095
38,2013-02-08,73931.58806740132
39,2013-02-09,68805.17240354532
40,2013-02-10,66263.7086455537
41,2013-02-11,72708.8685518704
42,2013-02-12,73992.19519552245
43,2013-02-13,74019.68106793879
44,2013-02-14,73829.76167064717
45,2013-02-15,73105.25506511913
46,2013-02-16,68054.0733435178
47,2013-02-17,65564.67462361776
48,2013-02-18,72036.90776516356
49,2013-02-19,73321.31965454442
50,2013-02-20,73323.7381662717
51,2013-02-21,73083.24700097412
52,2013-02-22,72284.0838066384
53,2013-02-23,67136.28910238943
54,2013-02-24,64531.076734080365
55,2013-02-25,70871.58069054865
56,2013-02-26,72012.05118446285
57,2013-02-27,71862.31649927373
58,2013-02-28,71465.63043242216
59,2013-03-01,70510.44050395873
60,2013-03-02,65210.90823727386
61,2013-03-03,62462.15594610237
62,2013-03-04,68670.89837459297
63,2013-03-05,69694.53532711606
64,2013-03-06,69445.52464807678
65,2013-03-07,68969.15778788726
66,2013-03-08,67955.2750135843
67,2013-03-09,62618.75289361691
68,2013-03-10,59854.739214791094
69,2013-03-11,66069.29378695601
70,2013-03-12,67118.51076835052
71,2013-03-13,66912.94077533335
72,2013-03-14,66495.43335910043
73,2013-03-15,65552.93475032714
74,2013-03-16,60297.07090527965
75,2013-03-17,57619.48805564167
76,2013-03-18,63922.60599069712
77,2013-03-19,65058.8563013329
78,2013-03-20,64935.22037012858
79,2013-03-21,64591.184236247514
80,2013-03-22,63710.64190720377
81,2013-03-23,58502.57404388365
82,2013-03-24,55856.47142412803
83,2013-03-25,62173.156006441306
84,2013-03-26,63304.06987351201
85,2013-03-27,63155.8454023214
86,2013-03-28,62768.272902261335
87,2013-03-29,61826.196980072484
88,2013-03-30,56540.16882469566
89,2013-03-31,53801.82465311958
90,2013-04-01,60014.64451668504
91,2013-04-02,61033.16362560324
92,2013-04-03,60767.45185841549
93,2013-04-04,60260.98039147526
94,2013-04-05,59202.40969415597
95,2013-04-06,53806.129274648156
96,2013-04-07,50967.52272108908
97,2013-04-08,57093.615555917124
98,2013-04-09,58042.18129839828
99,2013-04-10,57726.12446408103
100,2013-04-11,57191.262234856455
101,2013-04-12,56128.04150050256
102,2013-04-13,50752.023698048295
103,2013-04-14,47959.11256416318
104,2013-04-15,54156.1833735592
105,2013-04-16,55200.18957032795
106,2013-04-17,55002.565475727984
107,2013-04-18,54607.04620826848
108,2013-04-19,53701.44038475424
109,2013-04-20,48498.1863976912
110,2013-04-21,45889.66530272129
111,2013-04-22,52278.92641992231
112,2013-04-23,53518.89877049978
113,2013-04-24,53516.904013911575
114,2013-04-25,53312.58885696762
115,2013-04-26,52589.809285494346
116,2013-04-27,47557.29423546119
117,2013-04-28,45104.05869004512
118,2013-04-29,51630.2194774077
119,2013-04-30,52986.28436160111
120,2013-05-01,53077.72793298569
121,2013-05-02,52942.97054329963
122,2013-05-03,52265.29138908056
123,2013-05-04,47253.50262725323
124,2013-05-05,44797.35430858433
125,2013-05-06,51298.32373883934
126,2013-05-07,52608.86071638432
127,2013-05-08,52636.90352083231
128,2013-05-09,52423.78368114394
129,2013-05-10,51656.052863892575
130,2013-05-11,46546.06129665039
131,2013-05-12,43987.260318437446
132,2013-05-13,50384.885647731026
133,2013-05-14,51595.09588865969
134,2013-05-15,51529.38420705369
135,2013-05-16,51232.38421220392
136,2013-05-17,50393.60616453111
137,2013-05-18,45227.93548813209
138,2013-05-19,42630.868400654566
139,2013-05-20,49009.14308241921
140,2013-05-21,50219.84229597087
141,2013-05-22,50174.78629721692
142,2013-05-23,49918.337480198796
143,2013-05-24,49139.15276847361
144,2013-05-25,44050.71511794411
145,2013-05-26,41546.617842177606
146,2013-05-27,48031.25862960431
147,2013-05-28,49359.01720621524
148,2013-05-29,49438.73318279713
149,2013-05-30,49311.60295056712
150,2013-05-31,48663.02886073509
151,2013-06-01,43703.24915856781
152,2013-06-02,41322.71945724805
153,2013-06-03,47922.8997492405
154,2013-06-04,49355.51817553638
155,2013-06-05,49527.125576157
156,2013-06-06,49477.05746060716
157,2013-06-07,48889.33476335854
158,2013-06-08,43973.330392421216
159,2013-06-09,41619.17134300026
160,2013-06-10,48228.529837878465
161,2013-06-11,49653.87467007619
162,2013-06-12,49802.99721700074
163,2013-06-13,49716.92968632968
164,2013-06-14,49081.78832771039
165,2013-06-15,44109.37039244933
166,2013-06-16,41692.47673985631
167,2013-06-17,48235.61596709929
168,2013-06-18,49594.16387022339
169,2013-06-19,49678.79547719583
170,2013-06-20,49533.310042132754
171,2013-06-21,48846.3845386594
172,2013-06-22,43832.08713068433
173,2013-06-23,41385.125029393894
174,2013-06-24,47911.484864399106
175,2013-06-25,49267.54130286885
176,2013-06-26,49364.45270415165
177,2013-06-27,49245.96532084625
178,2013-06-28,48600.162249154666
179,2013-06-29,43639.98879706872
180,2013-06-30,41258.52838838093
181,2013-07-01,47859.68636944925
182,2013-07-02,49297.35624213846
183,2013-07-03,49479.88548772203
184,2013-07-04,49447.96050387192
185,2013-07-05,48886.44456123955
186,2013-07-06,44004.997909976904
187,2013-07-07,41693.4514484221
188,2013-07-08,48352.58852371135
189,2013-07-09,49833.40658139421
190,2013-07-10,50041.67309160977
191,2013-07-11,50015.89268489828
192,2013-07-12,49439.21703643784
193,2013-07-13,44520.124549252396
194,2013-07-14,42147.83951552927
195,2013-07-15,48723.14398713749
196,2013-07-16,50097.65316593319
197,2013-07-17,50178.368290067854
198,2013-07-18,50005.62396635256
199,2013-07-19,49264.96196905106
200,2013-07-20,44167.759488201555
201,2013-07-21,41606.58286099789
202,2013-07-22,47985.921755860494
203,2013-07-23,49161.37668962745
204,2013-07-24,49044.11619931384
205,2013-07-25,48678.72316956126
206,2013-07-26,47754.965023353885
207,2013-07-27,42488.318505922885
208,2013-07-28,39775.22282637659
209,2013-07-29,46023.71876567829
210,2013-07-30,47092.54910766223
211,2013-07-31,46895.53895961229
212,2013-08-01,46479.37741890391
213,2013-08-02,45535.336907192584
214,2013-08-03,40279.76213358688
215,2013-08-04,37609.30327069909
216,2013-08-05,43931.55134076378
217,2013-08-06,45104.15112153516
218,2013-08-07,45039.209660509245
219,2013-08-08,44781.12096602071
220,2013-08-09,44018.3419252897
221,2013-08-10,38963.949798519985
222,2013-08-11,36510.953967073816
223,2013-08-12,43063.0177904399
224,2013-08-13,44473.663564683746
225,2013-08-14,44650.7762458746
226,2013-08-15,44634.52404114089
227,2013-08-16,44109.22848007604
228,2013-08-17,39284.011971753134
229,2013-08-18,37048.193338232726
230,2013-08-19,43802.085205117786
231,2013-08-20,45396.26453060291
232,2013-08-21,45736.13052959107
233,2013-08-22,45859.86702444379
234,2013-08-23,45450.341121948964
235,2013-08-24,40715.76587741418
236,2013-08-25,38545.097461198995
237,2013-08-26,45338.8210919673
238,2013-08-27,46948.19774016253
239,2013-08-28,47279.78688930492
240,2013-08-29,47373.363689230595
241,2013-08-30,46913.76393018746
242,2013-08-31,42111.48620472495
243,2013-09-01,39858.0236018731
244,2013-09-02,46556.58109396288
245,2013-09-03,48061.2525267873
246,2013-09-04,48281.474363047535
247,2013-09-05,48259.87627994054
248,2013-09-06,47684.06367189978
249,2013-09-07,42767.1628620244
250,2013-09-08,40403.102582268846
251,2013-09-09,47001.57216036828
252,2013-09-10,48414.31447580058
253,2013-09-11,48552.4043575291
254,2013-09-12,48459.79957272855
255,2013-09-13,47825.11588369449
256,2013-09-14,42862.17328919207
257,2013-09-15,40465.2864027303
258,2013-09-16,47039.95528713044
259,2013-09-17,48442.03038263347
260,2013-09-18,48582.1680032975
261,2013-09-19,48503.69546438842
262,2013-09-20,47894.41954426356
263,2013-09-21,42967.20748419422
264,2013-09-22,40615.31229973658
265,2013-09-23,47243.09762623395
266,2013-09-24,48705.23475525346
267,2013-09-25,48911.18750063963
268,2013-09-26,48903.10328905344
269,2013-09-27,48367.64369280219
270,2013-09-28,43516.58331529938
271,2013-09-29,41242.14870144344
272,2013-09-30,47947.75258118398
273,2013-10-01,49487.1963619064
274,2013-10-02,49769.15692105867
275,2013-10-03,49835.07663555349
276,2013-10-04,49370.9905073533
277,2013-10-05,44588.120003671254
278,2013-10-06,42378.20602456184
279,2013-10-07,49144.23704333721
280,2013-10-08,50739.64603352404
281,2013-10-09,51072.792861865746
282,2013-10-10,51184.851609510115
283,2013-10-11,50761.63708094624
284,2013-10-12,46014.20037185725
285,2013-10-13,43834.16600144504
286,2013-10-14,50624.46657888325
287,2013-10-15,52238.54837430548
288,2013-10-16,52584.86406867548
289,2013-10-17,52704.77159249672
290,2013-10-18,52284.37263359663
291,2013-10-19,47535.11990524964
292,2013-10-20,45349.16483042937
293,2013-10-21,52130.100728641286
294,2013-10-22,53732.17399549203
295,2013-10-23,54064.77871246236
296,2013-10-24,54170.352842198605
297,2013-10-25,53736.20895426662
298,2013-10-26,48975.12809210866
299,2013-10-27,46780.68814106113
300,2013-10-28,53557.981697541945
301,2013-10-29,55162.796070539174
302,2013-10-30,55506.07123242003
303,2013-10-31,55631.754494063796
304,2013-11-01,55228.58570368797
305,2013-11-02,50510.64265393566
306,2013-11-03,48372.61932769929
307,2013-11-04,55220.49341771583
308,2013-11-05,56910.65731386878
309,2013-11-06,57354.33001896669
310,2013-11-07,57595.37044479069
311,2013-11-08,57322.02754370139
312,2013-11-09,52747.45854043732
313,2013-11-10,50764.98934376688
314,2013-11-11,57778.77483772815
315,2013-11-12,59642.93427614112
316,2013-11-13,60265.97999088326
317,2013-11-14,60688.66029733323
318,2013-11-15,60595.75213472754
319,2013-11-16,56196.63441919811
320,2013-11-17,54380.61552201896
321,2013-11-18,61547.6715261211
322,2013-11-19,63547.66907001657
323,2013-11-20,64284.88923120588
324,2013-11-21,64795.971264388776
325,2013-11-22,64761.809399397585
326,2013-11-23,60388.23113449303
327,2013-11-24,58561.42774771455
328,2013-11-25,65678.7909123509
329,2013-11-26,67588.22645505713
330,2013-11-27,68192.75901134244
331,2013-11-28,68528.5438475542
332,2013-11-29,68276.81673508354
333,2013-11-30,63644.608291843644
334,2013-12-01,61520.191858680264
335,2013-12-02,68303.91756406512
336,2013-12-03,69847.50285453578
337,2013-12-04,70058.59299122113
338,2013-12-05,69978.70805879132
339,2013-12-06,69295.10818955887
340,2013-12-07,64221.404770820096
341,2013-12-08,61652.88857167128
342,2013-12-09,67997.22979281953
343,2013-12-10,69113.62310054795
344,2013-12-11,68917.19430097974
345,2013-12-12,68456.78865620361
346,2013-12-13,67426.67621769004
347,2013-12-14,62047.00574439642
348,2013-12-15,59218.9819725713
349,2013-12-16,65355.42500471155
350,2013-12-17,66319.78847606678
351,2013-12-18,66030.45649103
352,2013-12-19,65538.4423123747
353,2013-12-20,64539.026723962124
354,2013-12-21,59252.16966799363
355,2013-12-22,56577.67138575133
356,2013-12-23,62925.74267101109
357,2013-12-24,64156.06108531165
358,2013-12-25,64182.132650801446
359,2013-12-26,64049.08086261447
360,2013-12-27,63445.39915479793
361,2013-12-28,58583.49802584179
362,2013-12-29,56355.02010161219
363,2013-12-30,63161.57930660902
364,2013-12-31,64853.997148651426
365,2014-01-01,65336.851475820586
366,2014-01-02,65646.45518115223
367,2014-01-03,65462.796520852964
368,2014-01-04,60990.267795604515
369,2014-01-05,59113.151340492885
370,2014-01-06,66226.51489821258
371,2014-01-07,68175.58562473743
372,2014-01-08,68860.41477011131
373,2014-01-09,69313.94771806904
374,2014-01-10,69214.02885812926
375,2014-01-11,64764.16650442335
376,2014-01-12,62863.84573123077
377,2014-01-13,69894.94228287734
378,2014-01-14,71705.50502523262
379,2014-01-15,72199.52270158194
380,2014-01-16,72414.89048398759
381,2014-01-17,72035.2886670671
382,2014-01-18,67270.80191343074
383,2014-01-19,65013.25083425875
384,2014-01-20,71666.89192408888
385,2014-01-21,73087.5600495061
386,2014-01-22,73187.07136431134
387,2014-01-23,73011.00789485061
388,2014-01-24,72250.42038983185
389,2014-01-25,67122.28214715609
390,2014-01-26,64524.66960954529
391,2014-01-27,70867.32935844662
392,2014-01-28,72010.70882572114
393,2014-01-29,71870.27114677281
394,2014-01-30,71494.21731635492
395,2014-01-31,70575.15347957742
396,2014-02-01,65330.53660091577
397,2014-02-02,62657.87411577131
398,2014-02-03,68965.33629915174
399,2014-02-04,70110.85709793433
400,2014-02-05,70006.54164466813
401,2014-02-06,69696.50084055352
402,2014-02-07,68868.64757668135
403,2014-02-08,63735.28417406537
404,2014-02-09,61188.452688126505
405,2014-02-10,67630.70266514865
406,2014-02-11,68914.3478753385
407,2014-02-12,68946.02605899925
408,2014-02-13,68764.67804447723
409,2014-02-14,68053.47703918604
410,2014-02-15,63020.53426679789
411,2014-02-16,60554.34963955842
412,2014-02-17,67054.65962237118
413,2014-02-18,68371.75197131673
414,2014-02-19,68411.06017294392
415,2014-02-20,68211.15339317798
416,2014-02-21,67455.65285466172
417,2014-02-22,62353.9015917903
418,2014-02-23,59796.357677386826
419,2014-02-24,66185.3650674763
420,2014-02-25,67374.3742584046
421,2014-02-26,67272.42854162423
422,2014-02-27,66922.03498293468
423,2014-02-28,66010.95462572204
424,2014-03-01,60752.7426068011
425,2014-03-02,58042.012070382785
426,2014-03-03,64285.079761741494
427,2014-03-04,65339.06906926767
428,2014-03-05,65116.28961283406
429,2014-03-06,64662.01546550238
430,2014-03-07,63666.19903376111
431,2014-03-08,58343.953308723445
432,2014-03-09,55590.77784201488
433,2014-03-10,61813.18720350739
434,2014-03-11,62867.81795289264
435,2014-03-12,62665.832870948296
436,2014-03-13,62250.74358664181
437,2014-03-14,61310.18710650616
438,2014-03-15,56056.48692157843
439,2014-03-16,53381.97155212997
440,2014-03-17,59689.70641414987
441,2014-03-18,60832.711870923646
442,2014-03-19,60718.4828477066
443,2014-03-20,60386.92767529229
444,2014-03-21,59522.25819926088
445,2014-03-22,54333.65846078668
446,2014-03-23,51710.70163821713
447,2014-03-24,58054.16825063119
448,2014-03-25,59215.335975733775
449,2014-03-26,59100.55439015182
450,2014-03-27,58749.22072806462
451,2014-03-28,57845.68766734467
452,2014-03-29,52599.929991255696
453,2014-03-30,49902.939936686875
454,2014-03-31,56157.50492568363
455,2014-04-01,57217.43927858878
456,2014-04-02,56992.08497429738
457,2014-04-03,56524.1997694595
458,2014-04-04,55501.766292983964
459,2014-04-05,50138.551885447516
460,2014-04-06,47329.3921436547
461,2014-04-07,53480.85515168498
462,2014-04-08,54450.36132053025
463,2014-04-09,54150.577168524345
464,2014-04-10,53627.20446832506
465,2014-04-11,52570.70124955592
466,2014-04-12,47196.76697443137
467,2014-04-13,44401.56699762888
468,2014-04-14,50592.354984475125
469,2014-04-15,51626.56939690729
470,2014-04-16,51416.22302892595
471,2014-04-17,51005.70711168359
472,2014-04-18,50083.546016474334
473,2014-04-19,44862.93387168647
474,2014-04-20,42237.02669451969
475,2014-04-21,48609.646737529336
476,2014-04-22,49834.47278060784
477,2014-04-23,49819.53263651064
478,2014-04-24,49605.116421839586
479,2014-04-25,48875.643485290566
480,2014-04-26,43840.31109593915
481,2014-04-27,41388.49529519565
482,2014-04-28,47920.55752429521
483,2014-04-29,49287.127866103605
484,2014-04-30,49393.678558372696
485,2014-05-01,49278.50407296236
486,2014-05-02,48624.638813150945
487,2014-05-03,43640.53916152298
488,2014-05-04,41215.49941796545
489,2014-05-05,47750.45490500364
490,2014-05-06,49097.24328084462
491,2014-05-07,49163.1384472393
492,2014-05-08,48988.77458090862
493,2014-05-09,48259.993041640795
494,2014-05-10,43188.44100532219
495,2014-05-11,40666.89382923801
496,2014-05-12,47099.957173197145
497,2014-05-13,48343.22286102099
498,2014-05-14,48307.69592534785
499,2014-05-15,48037.61344262574
500,2014-05-16,47224.35527773834
501,2014-05-17,42080.45667022692
502,2014-05-18,39501.340839033124
503,2014-05-19,45893.786392557085
504,2014-05-20,47115.02723772633
505,2014-05-21,47077.13958032498
506,2014-05-22,46824.837656752265
507,2014-05-23,46047.2144947974
508,2014-05-24,40958.25943085272
509,2014-05-25,38452.126523528495
510,2014-05-26,44933.81121644288
511,2014-05-27,46258.30972571503
512,2014-05-28,46335.07823824116
513,2014-05-29,46205.9113384354
514,2014-05-30,45556.77344519561
515,2014-05-31,40598.4122510952
516,2014-06-01,38221.72543114753
517,2014-06-02,44828.53504745809
518,2014-06-03,46270.84123259229
519,2014-06-04,46455.369461982176
520,2014-06-05,46421.528255795594
521,2014-06-06,45853.308788122704
522,2014-06-07,40959.95343061083
523,2014-06-08,38631.362929280986
524,2014-06-09,45268.89551177568
525,2014-06-10,46724.62885113394
526,2014-06-11,46905.89902750362
527,2014-06-12,46853.23365308779
528,2014-06-13,46252.21144222833
529,2014-06-14,41314.0765148138
530,2014-06-15,38931.07880876258
531,2014-06-16,45507.19594337396
532,2014-06-17,46897.30980868471
533,2014-06-18,47011.65460764623
534,2014-06-19,46893.6562603555
535,2014-06-20,46231.69827494771
536,2014-06-21,41239.64519090174
537,2014-06-22,38812.09770142909
538,2014-06-23,45355.03736025368
539,2014-06-24,46724.93647020161
540,2014-06-25,46833.151893691844
541,2014-06-26,46723.72434030003
542,2014-06-27,46085.11946745495
543,2014-06-28,41130.74268175496
544,2014-06-29,38754.20205709883
545,2014-06-30,45359.977104370235
546,2014-07-01,46802.568344943684
547,2014-07-02,46990.94532717576
548,2014-07-03,46966.41311740481
549,2014-07-04,46414.431699325956
550,2014-07-05,41545.21794358945
551,2014-07-06,39249.10207975604
552,2014-07-07,45927.29373398528
553,2014-07-08,47431.12970331192
554,2014-07-09,47666.61829371322
555,2014-07-10,47672.39749181003
556,2014-07-11,47131.63877076169
557,2014-07-12,42252.723762578644
558,2014-07-13,39924.663571437246
559,2014-07-14,46547.9139667093
560,2014-07-15,47973.65718509266
561,2014-07-16,48108.36415214796
562,2014-07-17,47991.753826030494
563,2014-07-18,47308.68136362696
564,2014-07-19,42269.782707814324
565,2014-07-20,39766.84619206519
566,2014-07-21,46203.565653642974
567,2014-07-22,47434.74743125585
568,2014-07-23,47370.78705005503
569,2014-07-24,47055.5345787644
570,2014-07-25,46178.08286570198
571,2014-07-26,40953.308912184
572,2014-07-27,38277.1417189472
573,2014-07-28,44557.21383850687
574,2014-07-29,45651.97167881057
575,2014-07-30,45475.06288381532
576,2014-07-31,45073.12208521474
577,2014-08-01,44137.49126457055
578,2014-08-02,38884.706688160746
579,2014-08-03,36211.72708044306
580,2014-08-04,42526.561193495545
581,2014-08-05,43687.37031537635
582,2014-08-06,43606.864104517554
583,2014-08-07,43330.1106731555
584,2014-08-08,42546.296370973745
585,2014-08-09,37469.26605258429
586,2014-08-10,34992.81696316907
587,2014-08-11,41521.40256264592
588,2014-08-12,42909.319741403444
589,2014-08-13,43065.19553633912
590,2014-08-14,43029.891864918995
591,2014-08-15,42488.36126697011
592,2014-08-16,37650.28198658752
593,2014-08-17,35405.44315557425
594,2014-08-18,42154.53416653934
595,2014-08-19,43748.40965669183
596,2014-08-20,44092.64442962113
597,2014-08-21,44225.495346520984
598,2014-08-22,43829.802018973714
599,2014-08-23,39113.65383185046
600,2014-08-24,36965.793620332384
601,2014-08-25,43786.412022397366
602,2014-08-26,45426.40422303493
603,2014-08-27,45791.904057252155
604,2014-08-28,45922.21346060395
605,2014-08-29,45501.660337824105
606,2014-08-30,40740.213855238595
607,2014-08-31,38528.829147794415
608,2014-09-01,45270.17726563886
609,2014-09-02,46817.83396108727
610,2014-09-03,47080.74419275902
611,2014-09-04,47101.082214201546
612,2014-09-05,46566.04211283092
613,2014-09-06,41688.389467259396
614,2014-09-07,39361.74760066322
615,2014-09-08,45991.275528321974
616,2014-09-09,47432.8122325084
617,2014-09-10,47597.304909965875
618,2014-09-11,47528.64155337937
619,2014-09-12,46915.42294852084
620,2014-09-13,41971.504698231096
621,2014-09-14,39591.28243514759
622,2014-09-15,46180.37676886532
623,2014-09-16,47594.79183894205
624,2014-09-17,47745.36418267872
625,2014-09-18,47675.62788346087
626,2014-09-19,47073.59653060586
627,2014-09-20,42152.358149677115
628,2014-09-21,39805.38827153091
629,2014-09-22,46437.26987561414
630,2014-09-23,47902.88628145256
631,2014-09-24,48111.90268476648
632,2014-09-25,48106.65475315167
633,2014-09-26,47573.97748334497
634,2014-09-27,42725.80318075334
635,2014-09-28,40454.50015407106
636,2014-09-29,47163.60732822878
637,2014-09-30,48707.037566520805
638,2014-10-01,48993.56561508472
639,2014-10-02,49064.719461221204
640,2014-10-03,48606.60881977847
641,2014-10-04,43830.520227492714
642,2014-10-05,41628.25103314006
643,2014-10-06,48402.83822226282
644,2014-10-07,50007.755608580796
645,2014-10-08,50351.39601654853
646,2014-10-09,50474.957894832245
647,2014-10-10,50064.270628805454
648,2014-10-11,45330.38846560933
649,2014-10-12,43164.925630786354
650,2014-10-13,49970.788708881955
651,2014-10-14,51601.37978694285
652,2014-10-15,51965.086783441184
653,2014-10-16,52103.180036707
654,2014-10-17,51701.64890391886
655,2014-10-18,46971.807634434306
656,2014-10-19,44805.64233870698
657,2014-10-20,51606.55429021191
658,2014-10-21,53228.57218033238
659,2014-10-22,53580.84886476659
660,2014-10-23,53705.5608236179
661,2014-10-24,53289.743307628516
662,2014-10-25,48545.8897657652
663,2014-10-26,46367.2868532296
664,2014-10-27,53158.739912517
665,2014-10-28,54775.76140693373
666,2014-10-29,55129.03792788872
667,2014-10-30,55262.29431743927
668,2014-10-31,54864.08843859996
669,2014-11-01,50148.365985205564
670,2014-11-02,48009.74765147352
671,2014-11-03,54854.20477758857
672,2014-11-04,56538.19734838878
673,2014-11-05,56973.091500763534
674,2014-11-06,57202.97670964379
675,2014-11-07,56916.41785822142
676,2014-11-08,52326.973250616895
677,2014-11-09,50328.45249115375
678,2014-11-10,57325.57183401367
679,2014-11-11,59173.082195424104
680,2014-11-12,59780.18807749317
681,2014-11-13,60188.37839690164
682,2014-11-14,60083.20493849988
683,2014-11-15,55674.83966403136
684,2014-11-16,53853.38460724916
685,2014-11-17,61019.591387130706
686,2014-11-18,63024.06457926988
687,2014-11-19,63771.765870020296
688,2014-11-20,64299.93831140172
689,2014-11-21,64289.98440219179
690,2014-11-22,59948.12695429995
691,2014-11-23,58160.82397989321
692,2014-11-24,65325.59197222019
693,2014-11-25,67290.30906542417
694,2014-11-26,67957.81222102996
695,2014-11-27,68363.90503645764
696,2014-11-28,68189.30730952746
697,2014-11-29,63640.372935232
698,2014-11-30,61604.54526858009
699,2014-12-01,68481.20257425238
700,2014-12-02,70120.96370500904
701,2014-12-03,70430.26727395572
702,2014-12-04,70449.34053192631
703,2014-12-05,69864.08922700705
704,2014-12-06,64886.73570430104
705,2014-12-07,62411.17560020628
706,2014-12-08,68843.70749399405
707,2014-12-09,70042.20789277073
708,2014-12-10,69920.56749517066
709,2014-12-11,69526.50801428765
710,2014-12-12,68553.3142247591
711,2014-12-13,63220.31211848666
712,2014-12-14,60428.06729967364
713,2014-12-15,66588.96181425122
714,2014-12-16,67566.22557939925
715,2014-12-17,67278.2420069885
716,2014-12-18,66776.25051128255
717,2014-12-19,65755.98364444784
718,2014-12-20,60438.0724056861
719,2014-12-21,57723.19602269869
720,2014-12-22,64022.636010212445
721,2014-12-23,65197.311671978525
722,2014-12-24,65162.11699530939
723,2014-12-25,64963.68131960754
724,2014-12-26,64292.09054605188
725,2014-12-27,59361.40080652806
726,2014-12-28,57064.9186431006
727,2014-12-29,63805.90468482873
728,2014-12-30,65436.77466477678
729,2014-12-31,65863.61397523101
730,2015-01-01,66124.12405465146
731,2015-01-02,65899.53304945354
732,2015-01-03,61395.298215420444
733,2015-01-04,59496.56963997849
734,2015-01-05,66599.06789838559
735,2015-01-06,68548.44532101358
736,2015-01-07,69244.94321947223
737,2015-01-08,69721.45993026675
738,2015-01-09,69655.55918880943
739,2015-01-10,65250.243950366115
740,2015-01-11,63389.463535280054
741,2015-01-12,70469.00569735607
742,2015-01-13,72335.84299708396
743,2015-01-14,72892.74625857049
744,2015-01-15,73176.28111893102
745,2015-01-16,72868.71902154933
746,2015-01-17,68178.69025243045
747,2015-01-18,65996.54995833311
748,2015-01-19,72725.11230899188
749,2015-01-20,74218.82615646956
750,2015-01-21,74382.87740973235
751,2015-01-22,74266.99780430787
752,2015-01-23,73561.19757681526
753,2015-01-24,68481.57255374473
754,2015-01-25,65925.50175562741
755,2015-01-26,72302.22661013404
756,2015-01-27,73471.8888463973
757,2015-01-28,73349.84737864329
758,2015-01-29,72984.39736093284
759,2015-01-30,72068.42939943097
760,2015-01-31,66819.86244748962
761,2015-02-01,64136.82639132982
762,2015-02-02,70428.25357211483
763,2015-02-03,71552.95559715328
764,2015-02-04,71424.00434055965
765,2015-02-05,71086.53826277835
766,2015-02-06,70229.52939667669
767,2015-02-07,65066.341376526594
768,2015-02-08,62490.05094582767
769,2015-02-09,68904.18829531141
770,2015-02-10,70161.96847287635
771,2015-02-11,70170.82855248329
772,2015-02-12,69970.38748860109
773,2015-02-13,69244.35992692757
774,2015-02-14,64201.25050449735
775,2015-02-15,61729.797569150476
776,2015-02-16,68229.81859218012
777,2015-02-17,69551.52694761644
778,2015-02-18,69600.13275081686
779,2015-02-19,69413.84331179966
780,2015-02-20,68675.79375736986
781,2015-02-21,63594.73430646437
782,2015-02-22,61060.4437416717
783,2015-02-23,67474.52260250547
784,2015-02-24,68689.63762254755
785,2015-02-25,68614.03249081293
786,2015-02-26,68289.4233476859
787,2015-02-27,67402.81280657556
788,2015-02-28,62167.05251002871
789,2015-03-01,59476.12747310611
790,2015-03-02,65735.81952810149
791,2015-03-03,66802.82515204778
792,2015-03-04,66589.14638154661
793,2015-03-05,66139.87661242152
794,2015-03-06,65144.91813156287
795,2015-03-07,59819.46403102499
796,2015-03-08,57059.219912018714
797,2015-03-09,63271.02430432754
798,2015-03-10,64311.944108463314
799,2015-03-11,64093.664182754546
800,2015-03-12,63660.29267376117
801,2015-03-13,62700.11813378629
802,2015-03-14,57426.14969490559
803,2015-03-15,54731.413794128115
804,2015-03-16,61019.66398939802
805,2015-03-17,62144.577387489466
806,2015-03-18,62014.25370299623
807,2015-03-19,61669.135219323594
808,2015-03-20,60793.8802414639
809,2015-03-21,55598.01783050155
810,2015-03-22,52971.35391087865
811,2015-03-23,59314.78206034776
812,2015-03-24,60479.56954131343
813,2015-03-25,60371.93198102889
814,2015-03-26,60031.01278605601
815,2015-03-27,59140.798180775084
816,2015-03-28,53910.79449389227
817,2015-03-29,51231.4371817646
818,2015-03-30,57504.88487556838
819,2015-03-31,58584.269564352544
820,2015-04-01,58378.217433155725
821,2015-04-02,57928.75807533324
822,2015-04-03,56923.15507612026
823,2015-04-04,51574.48710746233
824,2015-04-05,48776.95187391514
825,2015-04-06,54936.549297151265
826,2015-04-07,55910.21831099722
827,2015-04-08,55610.2451092647
828,2015-04-09,55082.06385521951
829,2015-04-10,54015.986010915614
830,2015-04-11,48627.69036712531
831,2015-04-12,45813.44875023571
832,2015-04-13,51980.74604967245
833,2015-04-14,52987.370750447866
834,2015-04-15,52745.79513021835
835,2015-04-16,52300.96691590092
836,2015-04-17,51342.04879198179
837,2015-04-18,46082.93751850641
838,2015-04-19,43417.53676628952
839,2015-04-20,49750.440926507974
840,2015-04-21,50936.104215876134
841,2015-04-22,50883.311952747725
842,2015-04-23,50633.073162694855
843,2015-04-24,49870.467992725826
844,2015-04-25,44805.27858949178
845,2015-04-26,42327.374346306904
846,2015-04-27,48837.50556611877
847,2015-04-28,50186.576737567026
848,2015-04-29,50280.21335089003
849,2015-04-30,50156.73872337783
850,2015-05-01,49499.09196141262
851,2015-05-02,44515.513765109936
852,2015-05-03,42094.96948860859
853,2015-05-04,48637.96250971259
854,2015-05-05,49995.80863793117
855,2015-05-06,50075.1855551919
856,2015-05-07,49916.07435844177
857,2015-05-08,49203.62544253446
858,2015-05-09,44148.77701785779
859,2015-05-10,41643.59769335512
860,2015-05-11,48092.008565055876
861,2015-05-12,49348.95822305692
862,2015-05-13,49324.86757382449
863,2015-05-14,49063.46458342621
864,2015-05-15,48253.54426089285
865,2015-05-16,43109.485212669926
866,2015-05-17,40526.497102820926
867,2015-05-18,46911.25714737825
868,2015-05-19,48121.01145065614
869,2015-05-20,48067.96011556908
870,2015-05-21,47797.04784957223
871,2015-05-22,46997.69653954363
872,2015-05-23,41884.31178662677
873,2015-05-24,39351.53788526606
874,2015-05-25,45804.919012284736
875,2015-05-26,47099.844278474615
876,2015-05-27,47146.580714855474
877,2015-05-28,46987.54120837762
878,2015-05-29,46309.2946677687
879,2015-05-30,41323.16148838975
880,2015-05-31,38920.56340725478
881,2015-06-01,45503.78266758652
882,2015-06-02,46925.20251919056
883,2015-06-03,47091.84374470233
884,2015-06-04,47043.31435911326
885,2015-06-05,46463.704183840586
886,2015-06-06,41562.25145803309
887,2015-06-07,39228.75122839931
888,2015-06-08,45864.35876452985
889,2015-06-09,47320.858783702104
890,2015-06-10,47505.21439806692
891,2015-06-11,47457.51264009855
892,2015-06-12,46862.83846923851
893,2015-06-13,41931.90510878802
894,2015-06-14,39556.41160386652
895,2015-06-15,46139.78242540007
896,2015-06-16,47536.3618612382
897,2015-06-17,47655.879387268025
898,2015-06-18,47541.305407121166
899,2015-06-19,46880.63197549763
900,2015-06-20,41887.409164655866
901,2015-06-21,39456.01079177896
902,2015-06-22,45992.28709208279
903,2015-06-23,47352.67969168668
904,2015-06-24,47448.617462118294
905,2015-06-25,47324.31474149391
906,2015-06-26,46668.50828006914
907,2015-06-27,41694.96490862039
908,2015-06-28,39297.73454403557
909,2015-06-29,45881.806545914296
910,2015-06-30,47302.24472781701
911,2015-07-01,47468.619076946205
912,2015-07-02,47422.8546781229
913,2015-07-03,46851.03277781582
914,2015-07-04,41963.97417443527
915,2015-07-05,39652.57739871625
916,2015-07-06,46318.567272304426
917,2015-07-07,47813.72651612978
918,2015-07-08,48044.4257015374
919,2015-07-09,48049.569227865475
920,2015-07-10,47512.489480612654
921,2015-07-11,42641.61668370157
922,2015-07-12,40325.89442263561
923,2015-07-13,46965.59419469988
924,2015-07-14,48411.59974505228
925,2015-07-15,48569.97494018344
926,2015-07-16,48479.93173604393
927,2015-07-17,47825.729713863264
928,2015-07-18,42817.33447944267
929,2015-07-19,40345.80515297858
930,2015-07-20,46814.065015268076
931,2015-07-21,48076.12721720517
932,2015-07-22,48041.59085556565
933,2015-07-23,47753.525883996044
934,2015-07-24,46900.28054737377
935,2015-07-25,41696.041092220774
936,2015-07-26,39036.11660857672
937,2015-07-27,45327.60579591462
938,2015-07-28,46428.52030806135
939,2015-07-29,46252.18267478345
940,2015-07-30,45845.019835105304
941,2015-07-31,44898.28833909771
942,2015-08-01,39628.563078096275
943,2015-08-02,36932.96418935868
944,2015-08-03,43219.780354474315
945,2015-08-04,44347.56417542661
946,2015-08-05,44229.51823111765
947,2015-08-06,43911.293020232726
948,2015-08-07,43082.732583276826
949,2015-08-08,37958.3989777088
950,2015-08-09,35432.849167846
951,2015-08-10,41911.32110192482
952,2015-08-11,43248.90289412404
953,2015-08-12,43355.00168269733
954,2015-08-13,43271.23113261435
955,2015-08-14,42683.250995733506
956,2015-08-15,37801.387448484296
957,2015-08-16,35516.00530887916
958,2015-08-17,42228.286506230885
959,2015-08-18,43789.486448655516
960,2015-08-19,44105.48277208221
961,2015-08-20,44214.733590740245
962,2015-08-21,43800.17709843541
963,2015-08-22,39069.89999837268
964,2015-08-23,36912.544969041264
965,2015-08-24,43728.11101007093
966,2015-08-25,45367.21815391066
967,2015-08-26,45735.65123308165
968,2015-08-27,45872.30037879212
969,2015-08-28,45461.03098122405
970,2015-08-29,40711.31176106845
971,2015-08-30,38513.572581777786
972,2015-08-31,45269.94747071322
973,2015-09-01,46833.476109247094
974,2015-09-02,47112.580351781886
975,2015-09-03,47148.93535748643
976,2015-09-04,46629.26995708191
977,2015-09-05,41765.92672475478
978,2015-09-06,39452.15508484419
979,2015-09-07,46092.79445553015
980,2015-09-08,47543.422019808044
981,2015-09-09,47714.78277793856
982,2015-09-10,47650.622301572446
983,2015-09-11,47039.4573748859
984,2015-09-12,42095.11527831689
985,2015-09-13,39712.01505440635
986,2015-09-14,46295.84750584446
987,2015-09-15,47702.72801969353
988,2015-09-16,47843.63915991207
989,2015-09-17,47762.28255216435
990,2015-09-18,47146.874204182146
991,2015-09-19,42210.71286944876
992,2015-09-20,39847.49358407217
993,2015-09-21,46462.021897446175
994,2015-09-22,47909.401685397184
995,2015-09-23,48099.51234531186
996,2015-09-24,48074.893854687114
997,2015-09-25,47522.57292492873
998,2015-09-26,42654.659103847574
999,2015-09-27,40363.682378295925
1000,2015-09-28,47053.327391215425
1001,2015-09-29,48577.63704757443
1002,2015-09-30,48845.50113631956
1003,2015-10-01,48898.548790084365
1004,2015-10-02,48422.9782699038
1005,2015-10-03,43630.153425797784
1006,2015-10-04,41411.938979948056
1007,2015-10-05,48171.43044291072
1008,2015-10-06,49762.15208238818
1009,2015-10-07,50092.53948156977
1010,2015-10-08,50203.826064280554
1011,2015-10-09,49781.8678245121
1012,2015-10-10,45037.736174559366
1013,2015-10-11,42863.051524687675
1014,2015-10-12,49660.71373285538
1015,2015-10-13,51284.10301865082
1016,2015-10-14,51641.56788699309
1017,2015-10-15,51774.319279110976
1018,2015-10-16,51368.2648626781
1019,2015-10-17,46634.61289476211
1020,2015-10-18,44465.217651550476
1021,2015-10-19,51263.32183018906
1022,2015-10-20,52882.76869807106
1023,2015-10-21,53232.49966381629
1024,2015-10-22,53354.455600903886
1025,2015-10-23,52935.414972523824
1026,2015-10-24,48187.59739043181
1027,2015-10-25,46004.00390247128
1028,2015-10-26,52789.148851980106
1029,2015-10-27,54398.255692818915
1030,2015-10-28,54741.73224028272
1031,2015-10-29,54863.04371453742
1032,2015-10-30,54450.51688444807
1033,2015-10-31,49717.90444442742
1034,2015-11-01,47559.681657541616
1035,2015-11-02,54381.73107434127
1036,2015-11-03,56040.488886874824
1037,2015-11-04,56447.36975541199
1038,2015-11-05,56646.58996848113
1039,2015-11-06,56326.9238532895
1040,2015-11-07,51702.22423604841
1041,2015-11-08,49666.68065825506
1042,2015-11-09,56625.47278370961
1043,2015-11-10,58433.894076999204
1044,2015-11-11,59001.76395435681
1045,2015-11-12,59371.249420952256
1046,2015-11-13,59228.63200653672
1047,2015-11-14,54784.85139394903
1048,2015-11-15,52930.7997069044
1049,2015-11-16,60068.02379145005
1050,2015-11-17,62047.91009575706
1051,2015-11-18,62776.16949098004
1052,2015-11-19,63290.74181500888
1053,2015-11-20,63273.65436043595
1054,2015-11-21,58931.6637832814
1055,2015-11-22,57151.65319194379
1056,2015-11-23,64331.43930623541
1057,2015-11-24,66319.06166645524
1058,2015-11-25,67017.36849831468
1059,2015-11-26,67462.01623674348
1060,2015-11-27,67333.41418654878
1061,2015-11-28,62837.441164845055
1062,2015-11-29,60860.90344299826
1063,2015-11-30,67802.38669899903
1064,2015-12-01,69511.572114899
1065,2015-12-02,69893.82977452844
1066,2015-12-03,69988.205362185
1067,2015-12-04,69479.33112898786
1068,2015-12-05,64578.0879809609
1069,2015-12-06,62176.98855350536
1070,2015-12-07,68680.9350696348
1071,2015-12-08,69946.423730927
1072,2015-12-09,69886.01091081985
1073,2015-12-10,69546.1597249161
1074,2015-12-11,68619.00092282027
1075,2015-12-12,63322.83827127818
1076,2015-12-13,60557.37186759968
1077,2015-12-14,66734.2969288274
1078,2015-12-15,67716.35363256712
1079,2015-12-16,67421.64708896825
1080,2015-12-17,66901.35971128529
1081,2015-12-18,65851.39340821316
1082,2015-12-19,60492.77493728869
1083,2015-12-20,57726.80063183407
1084,2015-12-21,63965.58034452483
1085,2015-12-22,65071.057938339596
1086,2015-12-23,64959.32856119196
1087,2015-12-24,64678.375490801234
1088,2015-12-25,63919.76383096775
1089,2015-12-26,58899.123588395676
1090,2015-12-27,56511.39687528748
1091,2015-12-28,63161.50698413972
1092,2015-12-29,64703.52398508506
1093,2015-12-30,65045.14387777092
1094,2015-12-31,65225.60043215928
1095,2016-01-01,64927.54298679762
1096,2016-01-02,60357.708458654255
1097,2016-01-03,58402.35787838355
1098,2016-01-04,65458.130721199
1099,2016-01-05,67371.38727487877
1100,2016-01-06,68042.85184924072
1101,2016-01-07,68505.67202264664
1102,2016-01-08,68437.42364631602
1103,2016-01-09,64040.88679659019
1104,2016-01-10,62199.56048864117
1105,2016-01-11,69308.56755226172
1106,2016-01-12,71214.01872069847
1107,2016-01-13,71817.64826060215
1108,2016-01-14,72154.83658809509
1109,2016-01-15,71906.55056388318
1110,2016-01-16,67280.02832790269
1111,2016-01-17,65164.17881376897
1112,2016-01-18,71960.3502671111
1113,2016-01-19,73521.54026498056
1114,2016-01-20,73756.8634429171
1115,2016-01-21,73709.3965866353
1116,2016-01-22,73067.93621695384
1117,2016-01-23,68047.5000729171
1118,2016-01-24,65544.54716916921
1119,2016-01-25,71967.57516097355
1120,2016-01-26,73176.17168349765
1121,2016-01-27,73085.33969315756
1122,2016-01-28,72743.21984433793
1123,2016-01-29,71842.74787420043
1124,2016-01-30,66602.08064187426
1125,2016-01-31,63926.79362614268
1126,2016-02-01,70219.37677445548
1127,2016-02-02,71339.37099553476
1128,2016-02-03,71200.69932591182
1129,2016-02-04,70849.44729174153
1130,2016-02-05,69975.60199710053
1131,2016-02-06,64793.581086446655
1132,2016-02-07,62197.524810680145
1133,2016-02-08,68592.00734189978
1134,2016-02-09,69831.24035093993
1135,2016-02-10,69823.58426542356
1136,2016-02-11,69609.48480372428
1137,2016-02-12,68873.3666456245
1138,2016-02-13,63824.311268173
1139,2016-02-14,61351.48826484279
1140,2016-02-15,67854.99269343454
1141,2016-02-16,69185.1582744797
1142,2016-02-17,69247.15915530383
1143,2016-02-18,69079.01569215723
1144,2016-02-19,68363.53458056551
1145,2016-02-20,63309.00948022615
1146,2016-02-21,60804.65123651203
1147,2016-02-22,67251.4006932082
1148,2016-02-23,68501.19501368205
1149,2016-02-24,68461.50192937435
1150,2016-02-25,68173.2396278707
1151,2016-02-26,67322.61535576971
1152,2016-02-27,62121.71203291822
1153,2016-02-28,59463.79544210084
1154,2016-02-29,65753.99866193713
1155,2016-03-01,66848.45843907971
1156,2016-03-02,66658.72169561578
1157,2016-03-03,66229.54355129453
1158,2016-03-04,65250.613391588326
1159,2016-03-05,59937.04142535281
1160,2016-03-06,57184.581048433625
1161,2016-03-07,63400.24596340758
1162,2016-03-08,64441.39850329797
1163,2016-03-09,64220.12853054868
1164,2016-03-10,63781.044861707094
1165,2016-03-11,62813.01570364552
1166,2016-03-12,57529.68989081756
1167,2016-03-13,54824.77299954852
1168,2016-03-14,61102.715505032975
1169,2016-03-15,62217.88715479379
1170,2016-03-16,62079.05423601122
1171,2016-03-17,61727.27865547818
1172,2016-03-18,60847.77203730916
1173,2016-03-19,55650.53319620916
1174,2016-03-20,53025.7395796884
1175,2016-03-21,59374.54641306239
1176,2016-03-22,60548.364438440265
1177,2016-03-23,60453.4298881455
1178,2016-03-24,60128.782904090396
1179,2016-03-25,59258.18531014735
1180,2016-03-26,54050.8042688465
1181,2016-03-27,51396.63111302851
1182,2016-03-28,57697.28834061357
1183,2016-03-29,58805.295496011626
1184,2016-03-30,58628.60798878023
1185,2016-03-31,58208.54603577658
1186,2016-04-01,57231.64614141321
1187,2016-04-02,51910.26364151074
1188,2016-04-03,49137.898021837995
1189,2016-04-04,55319.89677446921
1190,2016-04-05,56312.611561877944
1191,2016-04-06,56027.82396813806
1192,2016-04-07,55510.56134002731
1193,2016-04-08,54450.83843959636
1194,2016-04-09,49064.15663577085
1195,2016-04-10,46246.73535031561
1196,2016-04-11,52406.134241067746
1197,2016-04-12,53400.34225029937
1198,2016-04-13,53142.15272620165
1199,2016-04-14,52676.94656533805
1200,2016-04-15,51694.420019141835
1201,2016-04-16,46409.08926521348
1202,2016-04-17,43715.546274448236
1203,2016-04-18,50019.12372293928
1204,2016-04-19,51175.043815939935
1205,2016-04-20,51092.86848309351
1206,2016-04-21,50814.370708054405
1207,2016-04-22,50025.36108014334
1208,2016-04-23,44936.29881725778
1209,2016-04-24,42437.65872756445
1210,2016-04-25,48930.70867265215
1211,2016-04-26,50266.76918214794
1212,2016-04-27,50351.769525372154
1213,2016-04-28,50224.21700202428
1214,2016-04-29,49567.1107786357
1215,2016-04-30,44588.627076809906
1216,2016-05-01,42177.54512527556
1217,2016-05-02,48734.066827679715
1218,2016-05-03,50109.10067536136
1219,2016-05-04,50208.823609172265
1220,2016-05-05,50072.637526203835
1221,2016-05-06,49385.05222558134
1222,2016-05-07,44356.322585704635
1223,2016-05-08,41877.8108577266
1224,2016-05-09,48352.728943436785
1225,2016-05-10,49635.333486423566
1226,2016-05-11,49635.390097869255
1227,2016-05-12,49396.02626828464
1228,2016-05-13,48605.50777057694
1229,2016-05-14,43477.76942477641
1230,2016-05-15,40907.67416551213
1231,2016-05-16,47301.65822503368
1232,2016-05-17,48516.83801083154
1233,2016-05-18,48465.39747405841
1234,2016-05-19,48192.377650793336
1235,2016-05-20,47387.40490724474
1236,2016-05-21,42265.19003228182
1237,2016-05-22,39720.77290398975
1238,2016-05-23,46160.17082085827
1239,2016-05-24,47439.505841982624
1240,2016-05-25,47469.42919343513
1241,2016-05-26,47292.96320556814
1242,2016-05-27,46597.295653063076
1243,2016-05-28,41594.35659173952
1244,2016-05-29,39176.15004068836
1245,2016-05-30,45745.49596517179
1246,2016-05-31,47155.25508960252
1247,2016-06-01,47312.85168830404
1248,2016-06-02,47258.21189786554
1249,2016-06-03,46675.5146966171
1250,2016-06-04,41774.25736869319
1251,2016-06-05,39444.25653224666
1252,2016-06-06,46086.58686454365
1253,2016-06-07,47552.85387085651
1254,2016-06-08,47749.749372618404
1255,2016-06-09,47717.00636316405
1256,2016-06-10,47139.28484415567
1257,2016-06-11,42226.81612902954
1258,2016-06-12,39870.77607918503
1259,2016-06-13,46474.04162277665
1260,2016-06-14,47890.40278750267
1261,2016-06-15,48029.045908382264
1262,2016-06-16,47932.42686428927
1263,2016-06-17,47288.06843244605
1264,2016-06-18,42309.11192188386
1265,2016-06-19,39889.59634522183
1266,2016-06-20,46435.12230912466
1267,2016-06-21,47801.975639234246
1268,2016-06-22,47901.529057638414
1269,2016-06-23,47778.0432182437
1270,2016-06-24,47120.40336509923
1271,2016-06-25,42142.62361084559
1272,2016-06-26,39739.0935386223
1273,2016-06-27,46315.22531784345
1274,2016-06-28,47726.57689724848
1275,2016-06-29,47883.26966303312
1276,2016-06-30,47827.82145782502
1277,2016-07-01,47246.93034943556
1278,2016-07-02,42352.03982931952
1279,2016-07-03,40034.658424898866
1280,2016-07-04,46697.08984485356
1281,2016-07-05,48191.646857102496
1282,2016-07-06,48425.16470059987
1283,2016-07-07,48436.93219006993
1284,2016-07-08,47910.57309623255
1285,2016-07-09,43054.705684353525
1286,2016-07-10,40758.35068833271
1287,2016-07-11,47421.74129880017
1288,2016-07-12,48895.60606341778
1289,2016-07-13,49085.7385020779
1290,2016-07-14,49030.96995783869
1291,2016-07-15,48415.07703220786
1292,2016-07-16,43447.45069340249
1293,2016-07-17,41018.49699975271
1294,2016-07-18,47530.42315077055
1295,2016-07-19,48836.48036013383
1296,2016-07-20,48845.47839451636
1297,2016-07-21,48599.689753645835
1298,2016-07-22,47786.67666647927
1299,2016-07-23,42619.870136971695
1300,2016-07-24,39993.87338462274
1301,2016-07-25,46315.14598423292
1302,2016-07-26,47441.142908533075
1303,2016-07-27,47284.72606760154
1304,2016-07-28,46891.969035240654
1305,2016-07-29,45953.89074245906
1306,2016-07-30,40686.949795593064
1307,2016-07-31,37988.273942501764
1308,2016-08-01,44266.28286562434
1309,2016-08-02,45379.780027275134
1310,2016-08-03,45242.332291845174
1311,2016-08-04,44900.05872816795
1312,2016-08-05,44043.36465174144
1313,2016-08-06,38887.45240866671
1314,2016-08-07,36327.58284197273
1315,2016-08-08,42769.74463232832
1316,2016-08-09,44069.80587735692
1317,2016-08-10,44137.9649441145
1318,2016-08-11,44016.62002694843
1319,2016-08-12,43392.19127864705
1320,2016-08-13,38475.72466617613
1321,2016-08-14,36158.24905016323
1322,2016-08-15,42841.54121478248
1323,2016-08-16,44377.37079254093
1324,2016-08-17,44672.03980791004
1325,2016-08-18,44764.33413317036
1326,2016-08-19,44337.41881155885
1327,2016-08-20,39599.504760394404
1328,2016-08-21,37439.25702772387
1329,2016-08-22,44256.59834592148
1330,2016-08-23,45901.979305240595
1331,2016-08-24,46280.92961937927
1332,2016-08-25,46432.007892195565
1333,2016-08-26,46038.68231115835
1334,2016-08-27,41309.970582601345
1335,2016-08-28,39135.81038507171
1336,2016-08-29,45917.81544796712
1337,2016-08-30,47508.49015665048
1338,2016-08-31,47815.71889820474
1339,2016-09-01,47880.64940815742
1340,2016-09-02,47389.504447823514
1341,2016-09-03,42554.152028274264
1342,2016-09-04,40267.40730079907
1343,2016-09-05,46933.722955352365
1344,2016-09-06,48408.34260797502
1345,2016-09-07,48601.73477555737
1346,2016-09-08,48557.427854077934
1347,2016-09-09,47963.78133240613
1348,2016-09-10,43034.52409013394
1349,2016-09-11,40664.03325381387
1350,2016-09-12,47258.01053147713
1351,2016-09-13,48672.630318045616
1352,2016-09-14,48818.976732359166
1353,2016-09-15,48740.88934129627
1354,2016-09-16,48126.75194928731
1355,2016-09-17,43190.05429238421
1356,2016-09-18,40824.69898608347
1357,2016-09-19,47435.70944818843
1358,2016-09-20,48878.41186126092
1359,2016-09-21,49062.90711958975
1360,2016-09-22,49031.95135477784
1361,2016-09-23,48472.778347248524
1362,2016-09-24,43597.69271609136
1363,2016-09-25,41299.4054406448
1364,2016-09-26,47981.76681157486
1365,2016-09-27,49498.96943784061
1366,2016-09-28,49760.03700971758
1367,2016-09-29,49806.717358056085
1368,2016-09-30,49325.3132477294
1369,2016-10-01,44527.28009681152
1370,2016-10-02,42304.562622623416
1371,2016-10-03,49060.32608181805
1372,2016-10-04,50648.15539234201
1373,2016-10-05,50976.5385569606
1374,2016-10-06,51080.09422315918
1375,2016-10-07,50651.374789332134
1376,2016-10-08,45901.48045000514
1377,2016-10-09,43722.05126849614
1378,2016-10-10,50515.99619960941
1379,2016-10-11,52136.69216346896
1380,2016-10-12,52492.46980367358
1381,2016-10-13,52624.50526430437
1382,2016-10-14,52218.652036161664
1383,2016-10-15,47486.04246299206
1384,2016-10-16,45318.4310700473
1385,2016-10-17,52118.9352928077
1386,2016-10-18,53741.24655130852
1387,2016-10-19,54094.12750319474
1388,2016-10-20,54219.31394809169
1389,2016-10-21,53803.354547720424
1390,2016-10-22,49058.217079487804
1391,2016-10-23,46876.63256584083
1392,2016-10-24,53662.83212900176
1393,2016-10-25,55271.74891670644
1394,2016-10-26,55613.50049538189
1395,2016-10-27,55731.269937324134
1396,2016-10-28,55313.118735669836
1397,2016-10-29,50572.56046468216
1398,2016-10-30,48403.866967426744
1399,2016-10-31,55212.76259960414
1400,2016-11-01,56855.57978640274
1401,2016-11-02,57243.69241406224
1402,2016-11-03,57421.34659769759
1403,2016-11-04,57077.42343014546
1404,2016-11-05,52425.96421656746
1405,2016-11-06,50361.43163371456
1406,2016-11-07,57289.36401946734
1407,2016-11-08,59065.497691487755
1408,2016-11-09,59600.175369170014
1409,2016-11-10,59936.16164860819
1410,2016-11-11,59760.40134562243
1411,2016-11-12,55284.552175426055
1412,2016-11-13,53400.26588129481
1413,2016-11-14,60509.87536489499
1414,2016-11-15,62465.56270828957
1415,2016-11-16,63173.82578105954
1416,2016-11-17,63673.36361927867
1417,2016-11-18,63646.915251357656
1418,2016-11-19,59301.881936170495
1419,2016-11-20,57525.70508646484
1420,2016-11-21,64716.65529085163
1421,2016-11-22,66723.10493443075
1422,2016-11-23,67448.09952570326
1423,2016-11-24,67927.34520099337
1424,2016-11-25,67841.1443062931
1425,2016-11-26,63395.10626233043
1426,2016-11-27,61475.603319035596
1427,2016-11-28,68480.62411646536
1428,2016-11-29,70259.09530088092
1429,2016-11-30,70715.4843686113
1430,2016-12-01,70887.79965448835
1431,2016-12-02,70459.51824578195
1432,2016-12-03,65640.2683900968
1433,2016-12-04,63321.2358803916
1434,2016-12-05,69905.94774587931
1435,2016-12-06,71249.50444949005
1436,2016-12-07,71263.07524911263
1437,2016-12-08,70991.77463188324
1438,2016-12-09,70126.45306620718
1439,2016-12-10,64884.23152287521
1440,2016-12-11,62163.75248627527
1441,2016-12-12,68375.80430210097
1442,2016-12-13,69382.39377546668
1443,2016-12-14,69101.08549276205
1444,2016-12-15,68582.72959989372
1445,2016-12-16,67523.11501313018
1446,2016-12-17,62143.381054777434
1447,2016-12-18,59345.16349041887
1448,2016-12-19,65541.13469396869
1449,2016-12-20,66594.01527826904
1450,2016-12-21,66420.87756054408
1451,2016-12-22,66070.86390599942
1452,2016-12-23,65236.85760732454
1453,2016-12-24,60135.939316794196
1454,2016-12-25,57664.60436433722
1455,2016-12-26,64229.39938270375
1456,2016-12-27,65686.05363496246
1457,2016-12-28,65943.92287347661
1458,2016-12-29,66043.86569449014
1459,2016-12-30,65670.08649754101
1460,2016-12-31,61030.77413538717
1461,2017-01-01,59013.50736840827
1462,2017-01-02,66016.08114254376
1463,2017-01-03,67885.82460974313
1464,2017-01-04,68524.22428437609
1465,2017-01-05,68964.9680159977
1466,2017-01-06,68885.9398669909
1467,2017-01-07,64489.99132603981
1468,2017-01-08,62660.456778584485
1469,2017-01-09,69792.06460509135
1470,2017-01-10,71730.3127935667
1471,2017-01-11,72376.12109582359
1472,2017-01-12,72763.87475083926
1473,2017-01-13,72573.38993146046
1474,2017-01-14,68010.6271385296
1475,2017-01-15,65963.12196244676
1476,2017-01-16,72830.78675052413
1477,2017-01-17,74465.15484773678
1478,2017-01-18,74773.88276302017
1479,2017-01-19,74798.62906450973
1480,2017-01-20,74226.84429822539
1481,2017-01-21,69272.3025446556
1482,2017-01-22,66830.34856147457
1483,2017-01-23,73308.51860010007
1484,2017-01-24,74565.61101477937
1485,2017-01-25,74516.02625706277
1486,2017-01-26,74207.49897615664
1487,2017-01-27,73332.76001624294
1488,2017-01-28,68109.96190937773
1489,2017-01-29,65437.8442104877
1490,2017-01-30,71726.29851318154
1491,2017-01-31,72835.41032873
1492,2017-02-01,72679.7977715809
1493,2017-02-02,72306.36940636447
1494,2017-02-03,71406.03797958807
1495,2017-02-04,66194.22189834555
1496,2017-02-05,63566.1084481461
1497,2017-02-06,69927.3356848817
1498,2017-02-07,71133.1668109743
1499,2017-02-08,71092.97323452513
1500,2017-02-09,70848.14464133172
1501,2017-02-10,70083.95864412283
1502,2017-02-11,65010.237631107535
1503,2017-02-12,62516.76266114463
1504,2017-02-13,69004.09736516724
1505,2017-02-14,70322.89197723319
1506,2017-02-15,70378.48038961907
1507,2017-02-16,70208.88573869034
1508,2017-02-17,69496.76477956814
1509,2017-02-18,64450.1170017806
1510,2017-02-19,61957.72727754858
1511,2017-02-20,68419.9946208833
1512,2017-02-21,69688.21746493013
1513,2017-02-22,69669.14928852262
1514,2017-02-23,69402.94165493605
1515,2017-02-24,68575.00704739915
1516,2017-02-25,63396.63008456211
1517,2017-02-26,60760.29896484156
1518,2017-02-27,67070.41311126138
1519,2017-02-28,68182.44105375576
1520,2017-03-01,68007.34614322167
1521,2017-03-02,67589.40094719194
1522,2017-03-03,66617.9264167983
1523,2017-03-04,61307.78792597662
1524,2017-03-05,58554.62326487001
1525,2017-03-06,64765.461417438986
1526,2017-03-07,65797.80856660633
1527,2017-03-08,65564.0208102133
1528,2017-03-09,65109.08576090421
1529,2017-03-10,64122.349842855794
1530,2017-03-11,58818.023495715184
1531,2017-03-12,56090.438863482865
1532,2017-03-13,62344.717702071765
1533,2017-03-14,63435.92429519281
1534,2017-03-15,63273.520704341754
1535,2017-03-16,62899.24392994243
1536,2017-03-17,61998.938841092175
1537,2017-03-18,56783.17585683784
1538,2017-03-19,54142.62455384423
1539,2017-03-20,60478.83745424972
1540,2017-03-21,61643.515329721355
1541,2017-03-22,61543.068018597434
1542,2017-03-23,61216.58722591789
1543,2017-03-24,60347.76236695606
1544,2017-03-25,55145.56602994649
1545,2017-03-26,52499.67828339747
1546,2017-03-27,58811.30264381286
1547,2017-03-28,59932.44415310334
1548,2017-03-29,59770.46324883222
1549,2017-03-30,59366.022164114496
1550,2017-03-31,58404.95575331904
1551,2017-04-01,53098.894697576216
1552,2017-04-02,50340.61219286585
1553,2017-04-03,56534.74925728752
1554,2017-04-04,57536.99179969958
1555,2017-04-05,57258.5161202981
1556,2017-04-06,56743.82277144806
1557,2017-04-07,55682.493978666665
1558,2017-04-08,50289.70589417222
1559,2017-04-09,47461.47002303612
1560,2017-04-10,53605.26202032152
1561,2017-04-11,54579.11380045554
1562,2017-04-12,54295.98808401387
1563,2017-04-13,53801.55735222679
1564,2017-04-14,52785.923979123174
1565,2017-04-15,47464.113869195964
1566,2017-04-16,44731.31845234829
1567,2017-04-17,50993.54318933928
1568,2017-04-18,52106.73793124247
1569,2017-04-19,51981.227125645746
1570,2017-04-20,51659.56020923896
1571,2017-04-21,50828.31687505425
1572,2017-04-22,45698.69707293828
1573,2017-04-23,43161.8678098911
1574,2017-04-24,49619.721884901504
1575,2017-04-25,50924.12073731726
1576,2017-04-26,50981.43618375994
1577,2017-04-27,50830.50820439006
1578,2017-04-28,50154.550419756924
1579,2017-04-29,45161.83028780464
1580,2017-04-30,42741.09355837156
1581,2017-05-01,49292.385961359716
1582,2017-05-02,50666.34258102646
1583,2017-05-03,50768.758444725165
1584,2017-05-04,50638.556753569734
1585,2017-05-05,49959.68619566442
1586,2017-05-06,44941.77470661273
1587,2017-05-07,42475.510073238795
1588,2017-05-08,48963.40171200945
1589,2017-05-09,50258.995884382624
1590,2017-05-10,50271.36008776359
1591,2017-05-11,50042.95559389283
1592,2017-05-12,49261.432379174075
1593,2017-05-13,44140.17679185912
1594,2017-05-14,41573.585421878655
1595,2017-05-15,47967.72257458814
1596,2017-05-16,49179.43659181366
1597,2017-05-17,49120.7535647667
1598,2017-05-18,48836.66996175006
1599,2017-05-19,48016.88063775411
1600,2017-05-20,42876.27440291642
1601,2017-05-21,40310.17200555816
1602,2017-05-22,46724.96484112537
1603,2017-05-23,47977.23003616863
1604,2017-05-24,47978.14034507622
1605,2017-05-25,47771.28976792538
1606,2017-05-26,47044.47025564863
1607,2017-05-27,42010.23012647274
1608,2017-05-28,39561.18709216944
1609,2017-05-29,46100.751903073105
1610,2017-05-30,47482.33568290438
1611,2017-05-31,47613.856613711694
1612,2017-06-01,47535.66398492407
1613,2017-06-02,46932.41204708869
1614,2017-06-03,42013.711422482396
1615,2017-06-04,39669.52823785778
1616,2017-06-05,46300.98447279471
1617,2017-06-06,47759.630369310995
1618,2017-06-07,47952.0026926876
1619,2017-06-08,47917.58539513825
1620,2017-06-09,47340.704109198945
1621,2017-06-10,42431.181687485405
1622,2017-06-11,40079.72490876148
1623,2017-06-12,46688.69629000499
1624,2017-06-13,48114.39292576605
1625,2017-06-14,48262.3967421416
1626,2017-06-15,48174.6160346243
1627,2017-06-16,47538.05029987969
1628,2017-06-17,42565.35876487699
1629,2017-06-18,40150.15521144806
1630,2017-06-19,46697.685807108304
1631,2017-06-20,48063.96453847591
1632,2017-06-21,48160.18420999491
1633,2017-06-22,48030.52402974354
1634,2017-06-23,47363.88984631743
1635,2017-06-24,42374.418919079646
1636,2017-06-25,39956.72390099894
1637,2017-06-26,46516.534290971715
1638,2017-06-27,47909.81107408359
1639,2017-06-28,48047.15317739477
1640,2017-06-29,47971.616953033765
1641,2017-06-30,47370.48446220131
1642,2017-07-01,42455.811681030435
1643,2017-07-02,40119.73009717038
1644,2017-07-03,46765.15833143765
1645,2017-07-04,48244.997514017174
1646,2017-07-05,48466.626746375594
1647,2017-07-06,48469.817322844516
1648,2017-07-07,47938.59877914915
1649,2017-07-08,43081.90509219293
1650,2017-07-09,40788.97169332788
1651,2017-07-10,47460.13719222942
1652,2017-07-11,48946.12095194379
1653,2017-07-12,49152.59047846935
1654,2017-07-13,49118.13521902389
1655,2017-07-14,48526.17810315816
1656,2017-07-15,43585.651812526296
1657,2017-07-16,41186.40953477477
1658,2017-07-17,47730.023647582864
1659,2017-07-18,49069.043490298965
1660,2017-07-19,49111.52666799791
1661,2017-07-20,48898.96141486506
1662,2017-07-21,48118.11270552705
1663,2017-07-22,42981.62083814446
1664,2017-07-23,40383.324315369275
1665,2017-07-24,46728.962813723505
1666,2017-07-25,47875.33395040678
1667,2017-07-26,47734.72097919491
1668,2017-07-27,47352.711689492404
1669,2017-07-28,46419.9439278074
1670,2017-07-29,41152.60910486831
1671,2017-07-30,38447.68799030391
1672,2017-07-31,44713.57683093124
1673,2017-08-01,45809.17945665667
1674,2017-08-02,45648.284119933545
1675,2017-08-03,45277.34657406885
1676,2017-08-04,44387.21562902606
1677,2017-08-05,39193.632936866044
1678,2017-08-06,36592.48126107946
1679,2017-08-07,42990.43878873056
1680,2017-08-08,44244.114260672664
1681,2017-08-09,44264.480394932194
1682,2017-08-10,44094.72549590367
1683,2017-08-11,43422.05758231126
1684,2017-08-12,38458.29064343712
1685,2017-08-13,36095.184961133935
1686,2017-08-14,42735.196630993385
1687,2017-08-15,44230.70859269986
1688,2017-08-16,44488.55820661951
1689,2017-08-17,44547.978926033415
1690,2017-08-18,44092.48821036936
1691,2017-08-19,39330.54931500634
1692,2017-08-20,37150.977183945695
1693,2017-08-21,43953.74217161613
1694,2017-08-22,45589.24283289646
1695,2017-08-23,45962.862105397035
1696,2017-08-24,46112.92408860098
1697,2017-08-25,45722.583590234564
1698,2017-08-26,41000.476458767174
1699,2017-08-27,38836.101650408586
1700,2017-08-28,45630.589788236604
1701,2017-08-29,47235.93075458747
1702,2017-08-30,47559.47617054427
1703,2017-08-31,47641.83567282033
1704,2017-09-01,47168.700987810385
1705,2017-09-02,42351.427717663595
1706,2017-09-03,40082.347693937314
1707,2017-09-04,46765.468518882975
1708,2017-09-05,48255.63460219954
1709,2017-09-06,48462.967169150426
1710,2017-09-07,48430.703587016775
1711,2017-09-08,47846.97122511483
1712,2017-09-09,42925.326731183115
1713,2017-09-10,40560.03428029613
1714,2017-09-11,47156.739840925366
1715,2017-09-12,48571.615912784124
1716,2017-09-13,48715.794088965384
1717,2017-09-14,48633.205412427575
1718,2017-09-15,48012.36313403749
1719,2017-09-16,43066.91794642432
1720,2017-09-17,40690.958275589626
1721,2017-09-18,47289.711575161105
1722,2017-09-19,48718.71989290324
1723,2017-09-20,48888.305837992506
1724,2017-09-21,48841.447695888295
1725,2017-09-22,48265.597119507176
1726,2017-09-23,43373.26837398915
1727,2017-09-24,41057.37073667328
1728,2017-09-25,47721.93916097359
1729,2017-09-26,49221.335806026036
1730,2017-09-27,49464.73807499952
1731,2017-09-28,49494.031615468106
1732,2017-09-29,48995.641609672195
1733,2017-09-30,44181.131417397555
1734,2017-10-01,41942.54043178951
1735,2017-10-02,48683.11666984388
1736,2017-10-03,50256.51724098725
1737,2017-10-04,50571.29297800493
1738,2017-10-05,50668.77639227586
1739,2017-10-06,50234.9070212502
1740,2017-10-07,45480.82396801103
1741,2017-10-08,43298.198191866606
1742,2017-10-09,50089.960699112446
1743,2017-10-10,51709.50030341008
1744,2017-10-11,52065.14764005788
1745,2017-10-12,52198.06484893232
1746,2017-10-13,51794.07508659818
1747,2017-10-14,47064.26159201038
1748,2017-10-15,44900.30862111426
1749,2017-10-16,51705.24001179992
1750,2017-10-17,53332.62840967605
1751,2017-10-18,53691.09133341427
1752,2017-10-19,53822.192540428034
1753,2017-10-20,53412.28209110455
1754,2017-10-21,48673.10393470881
1755,2017-10-22,46497.14245264496
1756,2017-10-23,53288.36286593727
1757,2017-10-24,54901.4178697275
1758,2017-10-25,55246.135864434254
1759,2017-10-26,55365.40893762841
1760,2017-10-27,54947.01361208358
1761,2017-10-28,50204.19311394894
1762,2017-10-29,48030.972738037766
1763,2017-10-30,54832.86359622825
1764,2017-10-31,56466.02773194556
1765,2017-11-01,56841.72082419141
1766,2017-11-02,57004.131709812726
1767,2017-11-03,56642.15300906283
1768,2017-11-04,51969.913044470406
1769,2017-11-05,49882.042191716275
1770,2017-11-06,56784.33059312364
1771,2017-11-07,58532.85189301722
1772,2017-11-08,59038.370874555694
1773,2017-11-09,59344.1558066602
1774,2017-11-10,59137.73123548103
1775,2017-11-11,54631.40267483498
1776,2017-11-12,52717.527364339854
1777,2017-11-13,59799.18877539282
1778,2017-11-14,61729.34995591155
1779,2017-11-15,62415.30367593166
1780,2017-11-16,62896.53989576373
1781,2017-11-17,62856.565624078
1782,2017-11-18,58503.50757357452
1783,2017-11-19,56725.47036856435
1784,2017-11-20,63921.30622605764
1785,2017-11-21,65939.8691333065
1786,2017-11-22,66684.56915094962
1787,2017-11-23,67191.34482141017
1788,2017-11-24,67140.58606011618
1789,2017-11-25,62737.83517016227
1790,2017-11-26,60869.23596395252
1791,2017-11-27,67932.38421654509
1792,2017-11-28,69775.64992682532
1793,2017-11-29,70302.78469698383
1794,2017-11-30,70550.93018911139
1795,2017-12-01,70202.55838143166
1796,2017-12-02,65466.170032221904
1797,2017-12-03,63231.72057376774
1798,2017-12-04,69901.42640677305
1799,2017-12-05,71329.0223484068
1800,2017-12-06,71424.28436180169
1801,2017-12-07,71230.9348784457
1802,2017-12-08,70438.46330477706
1803,2017-12-09,65262.69047131693
1804,2017-12-10,62601.04903013361
1805,2017-12-11,68863.23592687442
1806,2017-12-12,69910.31115616961
1807,2017-12-13,69659.06060028268
1808,2017-12-14,69159.74406235939
1809,2017-12-15,68107.76491602944
1810,2017-12-16,62724.09389354975
1811,2017-12-17,59910.42261599415
1812,2017-12-18,66079.70632727402
1813,2017-12-19,67095.17302268738
1814,2017-12-20,66874.61931689938
1815,2017-12-21,66468.11619630839
1816,2017-12-22,65569.66253955942
1817,2017-12-23,60397.61977020107
1818,2017-12-24,57849.90343558879
1819,2017-12-25,64334.59069740058
1820,2017-12-26,65709.01978327193
1821,2017-12-27,65884.19995808975
1822,2017-12-28,65902.6527645158
1823,2017-12-29,65450.219465766175
1824,2017-12-30,60736.66461616151
1825,2017-12-31,58651.04770927857
1826,2018-01-01,65592.51773277145
1827,2018-01-02,67409.6023121564
1828,2018-01-03,68004.80553448996
1829,2018-01-04,68412.63074461085
1830,2018-01-05,68311.55891499172
1831,2018-01-06,63904.80841810502
1832,2018-01-07,62075.84439570983
1833,2018-01-08,69219.28923740488
1834,2018-01-09,71180.30305942598
1835,2018-01-10,71859.24608210832
1836,2018-01-11,72289.7376637867
1837,2018-01-12,72150.6417555984
1838,2018-01-13,67646.80449216452
1839,2018-01-14,65664.51272512798
1840,2018-01-15,72602.3263373188
1841,2018-01-16,74310.35523330708
1842,2018-01-17,74694.79553854035
1843,2018-01-18,74795.84295979195
1844,2018-01-19,74299.51674563801
1845,2018-01-20,69418.22402040155
1846,2018-01-21,67046.03763641736
1847,2018-01-22,73589.34488706451
1848,2018-01-23,74905.94253118659
1849,2018-01-24,74909.39714832837
1850,2018-01-25,74646.79308053135
1851,2018-01-26,73810.40540795057
1852,2018-01-27,68618.13134176267
1853,2018-01-28,65968.65629964734
1854,2018-01-29,72272.01455653846
1855,2018-01-30,73388.62183970472
1856,2018-01-31,73233.60012507542
1857,2018-02-01,72854.51742131068
1858,2018-02-02,71943.07980117855
1859,2018-02-03,66715.60816948272
1860,2018-02-04,64068.2744588742
1861,2018-02-05,70407.75494144953
1862,2018-02-06,71590.37525092228
1863,2018-02-07,71526.56410920556
1864,2018-02-08,71258.73488148086
1865,2018-02-09,70473.12826055904
1866,2018-02-10,65380.444422488006
1867,2018-02-11,62871.23512329372
1868,2018-02-12,69346.70924279204
1869,2018-02-13,70658.02234186658
1870,2018-02-14,70710.86345872101
1871,2018-02-15,70543.45486122582
1872,2018-02-16,69838.49509900367
1873,2018-02-17,64803.87126672583
1874,2018-02-18,62323.20748734414
1875,2018-02-19,68801.41000585235
1876,2018-02-20,70089.26272073435
1877,2018-02-21,70092.90268542504
1878,2018-02-22,69851.78397850311
1879,2018-02-23,69050.56331016077
1880,2018-02-24,63899.73526621718
1881,2018-02-25,61290.988328819454
1882,2018-02-26,67627.93692892497
1883,2018-02-27,68765.30286488381
1884,2018-02-28,68613.36301087383
1885,2018-03-01,68215.7835478998
1886,2018-03-02,67261.37625754709
1887,2018-03-03,61964.608514877735
1888,2018-03-04,59220.84169406932
1889,2018-03-05,65436.95655452294
1890,2018-03-06,66470.44190183745
1891,2018-03-07,66233.76597329893
1892,2018-03-08,65772.15280422138
1893,2018-03-09,64775.300583566845
1894,2018-03-10,59457.87451103539
1895,2018-03-11,56714.7491320787
1896,2018-03-12,62951.65836702916
1897,2018-03-13,64024.328577365435
1898,2018-03-14,63842.91260043968
1899,2018-03-15,63449.84497144901
1900,2018-03-16,62531.65284806712
1901,2018-03-17,57299.55227605962
1902,2018-03-18,54644.80160448948
1903,2018-03-19,60969.46689816607
1904,2018-03-20,62125.67122040259
1905,2018-03-21,62020.14224757719
1906,2018-03-22,61692.17506504954
1907,2018-03-23,60825.54148854122
1908,2018-03-24,55629.17266693261
1909,2018-03-25,52992.584263691475
1910,2018-03-26,59316.69699500779
1911,2018-03-27,60453.12282756076
1912,2018-03-28,60308.73027004795
1913,2018-03-29,59923.60514991359
1914,2018-03-30,58982.93834140049
1915,2018-03-31,53697.66789637283
1916,2018-04-01,50959.846120935406
1917,2018-04-02,57173.38613354154
1918,2018-04-03,58193.26042333937
1919,2018-04-04,57929.9674500734
1920,2018-04-05,57427.38559849238
1921,2018-04-06,56374.54910276449
1922,2018-04-07,50986.17667675363
1923,2018-04-08,48157.926717271235
1924,2018-04-09,54297.03688215181
1925,2018-04-10,55261.423676598155
1926,2018-04-11,54964.06096102876
1927,2018-04-12,54450.75924185827
1928,2018-04-13,53411.88251112354
1929,2018-04-14,48062.83506394641
1930,2018-04-15,45299.29334803264
1931,2018-04-16,51527.84129694236
1932,2018-04-17,52605.08487433856
1933,2018-04-18,52442.06428233682
1934,2018-04-19,52082.08469350514
1935,2018-04-20,51212.50076239916
1936,2018-04-21,46045.28537138712
1937,2018-04-22,43472.355286121485
1938,2018-04-23,49896.30945892026
1939,2018-04-24,51169.652738887635
1940,2018-04-25,51199.3203055485
1941,2018-04-26,51024.620472132265
1942,2018-04-27,50329.127917465405
1943,2018-04-28,45321.35471253926
1944,2018-04-29,42890.16892600617
1945,2018-04-30,49435.6139351748
1946,2018-05-01,50808.19894439533
1947,2018-05-02,50913.474187789405
1948,2018-05-03,50790.00709210256
1949,2018-05-04,50121.290594618535
1950,2018-05-05,45116.41064762899
1951,2018-05-06,42665.44289513287
1952,2018-05-07,49170.232378423585
1953,2018-05-08,50483.628006733496
1954,2018-05-09,50513.98697067174
1955,2018-05-10,50303.067490289744
1956,2018-05-11,49537.8435602877
1957,2018-05-12,44431.07147020948
1958,2018-05-13,41876.58102969384
1959,2018-05-14,48279.948410919846
1960,2018-05-15,49497.62542283759
1961,2018-05-16,49441.34340639004
1962,2018-05-17,49155.913000054774
1963,2018-05-18,48330.95606017169
1964,2018-05-19,43181.401824899156
1965,2018-05-20,40602.722186968706
1966,2018-05-21,47001.56449170744
1967,2018-05-22,48234.857707997944
1968,2018-05-23,48214.21069449207
1969,2018-05-24,47983.72383172068
1970,2018-05-25,47231.74981570071
1971,2018-05-26,42171.434719818884
1972,2018-05-27,39696.0127459971
1973,2018-05-28,46209.51122063908
1974,2018-05-29,47565.93946071508
1975,2018-05-30,47673.77771591784
1976,2018-05-31,47573.88472300007
1977,2018-06-01,46951.356794353764
1978,2018-06-02,42016.16662186931
1979,2018-06-03,39658.552323907454
1980,2018-06-04,46279.810515417295
1981,2018-06-05,47731.56444911765
1982,2018-06-06,47920.321129880795
1983,2018-06-07,47885.433973561696
1984,2018-06-08,47311.00236352859
1985,2018-06-09,42406.53515723779
1986,2018-06-10,40062.34801349078
1987,2018-06-11,46680.348151979895
1988,2018-06-12,48113.277917439205
1989,2018-06-13,48269.231855030375
1990,2018-06-14,48189.56512879601
1991,2018-06-15,47560.726314043866
1992,2018-06-16,42594.84365986625
1993,2018-06-17,40185.03704207641
1994,2018-06-18,46736.11180315067
1995,2018-06-19,48103.7085957455
1996,2018-06-20,48198.72675878082
1997,2018-06-21,48065.14187591933
1998,2018-06-22,47391.75327696605
1999,2018-06-23,42392.69314621376
2000,2018-06-24,39962.67177227407
2001,2018-06-25,46507.61715711793
2002,2018-06-26,47883.78474282051
2003,2018-06-27,48002.15601763695
2004,2018-06-28,47906.24743234768
2005,2018-06-29,47283.86569820006
2006,2018-06-30,42347.640955900715
2007,2018-07-01,39990.31171259035
2008,2018-07-02,46615.41865617338
2009,2018-07-03,48076.48158549784
2010,2018-07-04,48281.47631508182
2011,2018-07-05,48270.73075975526
2012,2018-07-06,47728.773786430975
2013,2018-07-07,42864.96565109028
2014,2018-07-08,40568.881136535274
2015,2018-07-09,47241.099688286675
2016,2018-07-10,48732.474025478565
2017,2018-07-11,48948.69145208771
2018,2018-07-12,48928.244644304905
2019,2018-07-13,48354.343343689296
2020,2018-07-14,43435.59394937424
2021,2018-07-15,41061.41668388169
2022,2018-07-16,47632.85361228671
2023,2018-07-17,49001.83842526388
2024,2018-07-18,49075.74211052452
2025,2018-07-19,48895.31165511561
2026,2018-07-20,48146.53402988234
2027,2018-07-21,43041.25370190239
2028,2018-07-22,40472.51499561961
2029,2018-07-23,46845.28457576607
2030,2018-07-24,48015.62724357162
2031,2018-07-25,47895.15167817112
2032,2018-07-26,47528.84592505838
2033,2018-07-27,46606.83762233393
2034,2018-07-28,41344.909952336224
2035,2018-07-29,38639.74730874434
2036,2018-07-30,44899.568475101936
2037,2018-07-31,45983.22281559111
2038,2018-08-01,45804.56814260596
2039,2018-08-02,45410.251766615744
2040,2018-08-03,44491.4310494066
2041,2018-08-04,39264.26537288899
2042,2018-08-05,36625.154010885584
2043,2018-08-06,42981.37776136909
2044,2018-08-07,44190.21946910616
2045,2018-08-08,44163.38131458383
2046,2018-08-09,43944.8191965836
2047,2018-08-10,43222.528997702924
2048,2018-08-11,38209.11480760878
2049,2018-08-12,35797.11150247828
2050,2018-08-13,42389.71725876311
2051,2018-08-14,43840.00872644106
2052,2018-08-15,44055.45427614697
2053,2018-08-16,44075.843196162474
2054,2018-08-17,43585.16325568197
2055,2018-08-18,38792.25447706709
2056,2018-08-19,36586.209483338935
2057,2018-08-20,43367.174217624735
2058,2018-08-21,44985.62027361138
2059,2018-08-22,45346.903093729365
2060,2018-08-23,45489.223107004174
2061,2018-08-24,45095.52178600546
2062,2018-08-25,40374.14039849993
2063,2018-08-26,38214.21211525594
2064,2018-08-27,45016.4419108282
2065,2018-08-28,46632.34645326285
2066,2018-08-29,46968.76947814817
2067,2018-08-30,47065.79119595641
2068,2018-08-31,46608.56537904062
2069,2018-09-01,41807.91370730551
2070,2018-09-02,39555.649918875635
2071,2018-09-03,46255.29011188934
2072,2018-09-04,47761.22327243816
2073,2018-09-05,47983.159318718754
2074,2018-09-06,47963.974873557505
2075,2018-09-07,47391.49189748489
2076,2018-09-08,42479.0200355573
2077,2018-09-09,40120.6362558693
2078,2018-09-10,46721.858894666264
2079,2018-09-11,48138.79067717872
2080,2018-09-12,48282.548219982345
2081,2018-09-13,48197.09817009266
2082,2018-09-14,47571.03479753428
2083,2018-09-15,42618.12934168101
2084,2018-09-16,40232.623927875014
2085,2018-09-17,46819.92623295251
2086,2018-09-18,48235.77839617895
2087,2018-09-19,48390.7165143381
2088,2018-09-20,48327.939657149414
2089,2018-09-21,47735.121992876186
2090,2018-09-22,42824.99713073094
2091,2018-09-23,40490.6863760352
2092,2018-09-24,47136.42606403197
2093,2018-09-25,48616.76659486185
2094,2018-09-26,48841.05879605742
2095,2018-09-27,48851.34601722431
2096,2018-09-28,48334.19520439668
2097,2018-09-29,43501.295912339396
2098,2018-09-30,41244.79899009582
2099,2018-10-01,47968.050323344614
2100,2018-10-02,49524.79263193026
2101,2018-10-03,49823.65146149148
2102,2018-10-04,49906.02439296132
2103,2018-10-05,49457.90741247097
2104,2018-10-06,44690.488135371525
2105,2018-10-07,42495.47836114267
2106,2018-10-08,49275.84205380781
2107,2018-10-09,50884.99239453273
2108,2018-10-10,51231.27459951489
2109,2018-10-11,51355.85396007184
2110,2018-10-12,50944.5433391087
2111,2018-10-13,46208.399950973864
2112,2018-10-14,44039.06386850282
2113,2018-10-15,50839.49414968916
2114,2018-10-16,52463.17586539897
2115,2018-10-17,52818.61420362086
2116,2018-10-18,52947.23445788941
2117,2018-10-19,52535.22137602691
2118,2018-10-20,47794.12686129537
2119,2018-10-21,45616.21759088109
2120,2018-10-22,52405.217560013516
2121,2018-10-23,54015.51798130483
2122,2018-10-24,54356.66993632542
2123,2018-10-25,54473.74111786625
2124,2018-10-26,54051.75361884625
2125,2018-10-27,49303.66341154858
2126,2018-10-28,47123.22094508607
2127,2018-10-29,53915.68395038973
2128,2018-10-30,55536.99200203441
2129,2018-10-31,55898.218793854096
2130,2018-11-01,56043.421063874586
2131,2018-11-02,55661.41814365364
2132,2018-11-03,50966.33200319645
2133,2018-11-04,48852.86061310437
2134,2018-11-05,55726.941249829724
2135,2018-11-06,57444.87812079973
2136,2018-11-07,57917.751940039365
2137,2018-11-08,58189.2320558279
2138,2018-11-09,57947.326709885696
2139,2018-11-10,53404.902786167935
2140,2018-11-11,51454.94918668874
2141,2018-11-12,58501.24155310809
2142,2018-11-13,60397.48353461424
2143,2018-11-14,61051.742746869284
2144,2018-11-15,61504.3021958038
2145,2018-11-16,61439.46255253824
2146,2018-11-17,57066.12606584584
2147,2018-11-18,55273.135297095745
2148,2018-11-19,62460.0230722002
2149,2018-11-20,64476.24717567123
2150,2018-11-21,65225.7259371186
2151,2018-11-22,65744.79321262351
2152,2018-11-23,65714.1056517335
2153,2018-11-24,61339.33037749718
2154,2018-11-25,59506.58350980835
2155,2018-11-26,66613.27314976744
2156,2018-11-27,68507.41762727998
2157,2018-11-28,69092.25257101058
2158,2018-11-29,69404.24292010674
2159,2018-11-30,69125.03066698722
2160,2018-12-01,64462.144706079554
2161,2018-12-02,62304.44187595643
2162,2018-12-03,69052.93192924566
2163,2018-12-04,70560.05684931188
2164,2018-12-05,70734.23821504338
2165,2018-12-06,70617.80941573711
2166,2018-12-07,69898.86472516284
2167,2018-12-08,64791.85335237777
2168,2018-12-09,62192.88979026904
2169,2018-12-10,68510.43587701686
2170,2018-12-11,69604.4280582246
2171,2018-12-12,69390.66693935577
2172,2018-12-13,68918.5895564789
2173,2018-12-14,67882.96015119509
2174,2018-12-15,62504.311399191174
2175,2018-12-16,59684.111203457294
2176,2018-12-17,65835.31411538836
2177,2018-12-18,66821.37428178002
2178,2018-12-19,66560.54008560542
2179,2018-12-20,66103.55357023803
2180,2018-12-21,65145.29260077965
2181,2018-12-22,59905.189321707534
2182,2018-12-23,57282.40102259307
2183,2018-12-24,63686.392830258825
2184,2018-12-25,64976.00881665896
2185,2018-12-26,65063.85071375363
2186,2018-12-27,64994.08569763689
2187,2018-12-28,64454.21894772797
2188,2018-12-29,59655.66172287497
2189,2018-12-30,57489.0677419489
2190,2018-12-31,64355.09353674288
2191,2019-01-01,66103.65527826334
2192,2019-01-02,66638.49694371942
2193,2019-01-03,66995.18683308801
2194,2019-01-04,66853.07367117022
2195,2019-01-05,62416.02866299874
2196,2019-01-06,60567.94212474275
2197,2019-01-07,67703.62650754167
2198,2019-01-08,69668.1948804348
2199,2019-01-09,70361.72680962998
2200,2019-01-10,70817.33629459246
2201,2019-01-11,70713.17129302368
2202,2019-01-12,66253.17018852696
2203,2019-01-13,64322.54352736827
2204,2019-01-14,71318.63327320684
2205,2019-01-15,73090.21979565427
2206,2019-01-16,73542.0903689396
2207,2019-01-17,73712.98632321326
2208,2019-01-18,73287.46144263151
2209,2019-01-19,68476.48052671718
2210,2019-01-20,66172.730413305
2211,2019-01-21,72781.29999045157
2212,2019-01-22,74158.80388665828
2213,2019-01-23,74217.76816936383
2214,2019-01-24,74004.39970922895
2215,2019-01-25,73210.27616416046
2216,2019-01-26,68052.78959163013
2217,2019-01-27,65430.3197065439
2218,2019-01-28,71752.79656267185
2219,2019-01-29,72880.7300465944
2220,2019-01-30,72729.5265952844
2221,2019-01-31,72347.21620629386
2222,2019-02-01,71426.12740318137
2223,2019-02-02,66183.34315692315
2224,2019-02-03,63515.91306061023
2225,2019-02-04,69831.4801279006
2226,2019-02-05,70987.39755174617
2227,2019-02-06,70895.15319584175
2228,2019-02-07,70598.22173863393
2229,2019-02-08,69783.87856098983
2230,2019-02-09,64663.80448342221
2231,2019-02-10,62129.45253964323
2232,2019-02-11,68582.83094312371
2233,2019-02-12,69875.77338087898
2234,2019-02-13,69914.51032939926
2235,2019-02-14,69737.6574699113
2236,2019-02-15,69028.15178761764
2237,2019-02-16,63993.96138361248
2238,2019-02-17,61523.53761768567
2239,2019-02-18,68016.66174477438
2240,2019-02-19,69323.75580738153
2241,2019-02-20,69350.47076315095
2242,2019-02-21,69135.667875191
2243,2019-02-22,68363.32456344094
2244,2019-02-23,63243.19199723974
2245,2019-02-24,60666.17489592878
2246,2019-02-25,67035.08808808029
2247,2019-02-26,68203.86244657685
2248,2019-02-27,68082.0164376416
2249,2019-02-28,67712.5127260108
2250,2019-03-01,66783.53496410906
2251,2019-03-02,61509.01561403634
2252,2019-03-03,58783.88913860526
2253,2019-03-04,65014.728713960896
2254,2019-03-05,66058.84246843391
2255,2019-03-06,65828.64851973878
2256,2019-03-07,65369.45100409923
2257,2019-03-08,64371.15416012706
2258,2019-03-09,59048.747147366754
2259,2019-03-10,56297.53485213042
2260,2019-03-11,62523.773272273866
2261,2019-03-12,63583.78528688295
2262,2019-03-13,63388.37527907708
2263,2019-03-14,62980.663425093895
2264,2019-03-15,62047.87479936161
2265,2019-03-16,56801.913589559765
2266,2019-03-17,54134.69488826977
2267,2019-03-18,60448.88954963368
2268,2019-03-19,61597.15458956086
2269,2019-03-20,61486.66414386974
2270,2019-03-21,61157.058317806615
2271,2019-03-22,60292.34167321753
2272,2019-03-23,55101.55841762215
2273,2019-03-24,52474.21379920802
2274,2019-03-25,58811.0945847854
2275,2019-03-26,59963.558913404995
2276,2019-03-27,59838.10884029044
2277,2019-03-28,59474.361738310196
2278,2019-03-29,58556.95170121857
2279,2019-03-30,53296.18798995159
2280,2019-03-31,50583.44057936659
2281,2019-04-01,56821.90679401014
2282,2019-04-02,57865.83095979959
2283,2019-04-03,57624.99249274621
2284,2019-04-04,57142.58110899384
2285,2019-04-05,56106.993150477356
2286,2019-04-06,50732.37916864719
2287,2019-04-07,47913.91608311843
2288,2019-04-08,54058.461227235486
2289,2019-04-09,55023.66349680163
2290,2019-04-10,54722.35018465321
2291,2019-04-11,54200.3111257763
2292,2019-04-12,53148.01678391999
2293,2019-04-13,47781.1026782763
2294,2019-04-14,44995.59527968854
2295,2019-04-15,51198.538005311435
2296,2019-04-16,52247.093314595026
2297,2019-04-17,52052.93972284581
2298,2019-04-18,51660.085034276985
2299,2019-04-19,50756.631557080276
2300,2019-04-20,45555.32431223993
2301,2019-04-21,42948.85550223373
2302,2019-04-22,49340.58158494451
2303,2019-04-23,50583.726318499714
2304,2019-04-24,50585.88568069473
2305,2019-04-25,50386.95286237054
2306,2019-04-26,49670.995894214386
2307,2019-04-27,44646.91570895795
2308,2019-04-28,42203.85478102635
2309,2019-04-29,48742.0097402064
2310,2019-04-30,50111.918636301874
2311,2019-05-01,50219.03640649782
2312,2019-05-02,50101.71479511699
2313,2019-05-03,49443.11779363499
2314,2019-05-04,44451.89940966504
2315,2019-05-05,42017.61343850734
2316,2019-05-06,48541.50870162278
2317,2019-05-07,49875.7810284764
2318,2019-05-08,49928.09664473662
2319,2019-05-09,49739.504804971875
2320,2019-05-10,48996.27275548999
2321,2019-05-11,43910.47222213137
2322,2019-05-12,41375.28978074847
2323,2019-05-13,47795.717477372425
2324,2019-05-14,49027.69801057697
2325,2019-05-15,48982.54222021566
2326,2019-05-16,48704.73975689704
2327,2019-05-17,47883.69892208166
2328,2019-05-18,42734.247561556374
2329,2019-05-19,40151.86976545815
2330,2019-05-20,46543.33677622938
2331,2019-05-21,47765.80803383346
2332,2019-05-22,47731.221255970115
2333,2019-05-23,47484.09308797266
2334,2019-05-24,46713.266461629915
2335,2019-05-25,41632.43618357705
2336,2019-05-26,39135.42664490003
2337,2019-05-27,45626.87872163926
2338,2019-05-28,46961.42003326905
2339,2019-05-29,47048.13531933448
2340,2019-05-30,46928.45601937668
2341,2019-05-31,46288.002507769575
2342,2019-06-01,41337.2076575463
2343,2019-06-02,38966.692704266374
2344,2019-06-03,45578.04957014286
2345,2019-06-04,47023.1010026535
2346,2019-06-05,47208.45265405015
2347,2019-06-06,47173.45380766841
2348,2019-06-07,46602.09814756317
2349,2019-06-08,41703.69157312685
2350,2019-06-09,39368.25678743072
2351,2019-06-10,45997.32804214674
2352,2019-06-11,47443.20710228586
2353,2019-06-12,47613.49475810038
2354,2019-06-13,47549.01527705546
2355,2019-06-14,46935.66634167077
2356,2019-06-15,41985.0230526535
2357,2019-06-16,39589.667683609274
2358,2019-06-17,46153.90084999928
2359,2019-06-18,47532.907687957675
2360,2019-06-19,47637.19608300904
2361,2019-06-20,47510.42715157203
2362,2019-06-21,46841.17334823062
2363,2019-06-22,41843.435537973724
2364,2019-06-23,39411.893332708234
2365,2019-06-24,45952.54674350355
2366,2019-06-25,47321.824840980524
2367,2019-06-26,47430.98020622939
2368,2019-06-27,47323.890714196685
2369,2019-06-28,46688.80491914361
2370,2019-06-29,41738.862810457445
2371,2019-06-30,39367.36618749129
2372,2019-07-01,45978.45617698509
2373,2019-07-02,47411.3459759495
2374,2019-07-03,47589.559282007336
2375,2019-07-04,47554.02793770989
2376,2019-07-05,46989.849111220385
2377,2019-07-06,42106.89825392645
2378,2019-07-07,39795.19607257416
2379,2019-07-08,46455.684278033754
2380,2019-07-09,47939.482002158205
2381,2019-07-10,48152.437461265064
2382,2019-07-11,48133.0919234468
2383,2019-07-12,47564.58761161314
2384,2019-07-13,42655.3466527922
2385,2019-07-14,40294.490777967505
2386,2019-07-15,46882.6549931422
2387,2019-07-16,48271.26598680164
2388,2019-07-17,48367.099170980626
2389,2019-07-18,48210.23119566067
2390,2019-07-19,47485.91981840864
2391,2019-07-20,42405.23894983085
2392,2019-07-21,39860.439726587785
2393,2019-07-22,46255.69238499244
2394,2019-07-23,47446.28161121638
2395,2019-07-24,47343.07148096072
2396,2019-07-25,46990.35928489671
2397,2019-07-26,46077.65275048192
2398,2019-07-27,40820.201206945974
2399,2019-07-28,38114.25429391417
2400,2019-07-29,44367.705680669984
2401,2019-07-30,45439.19703879706
2402,2019-07-31,45242.50074914086
2403,2019-08-01,44824.3027472486
2404,2019-08-02,43875.92180772154
2405,2019-08-03,38613.79724197095
2406,2019-08-04,35934.719637740156
2407,2019-08-05,42246.46271347019
2408,2019-08-06,43406.8917003846
2409,2019-08-07,43328.36646979361
2410,2019-08-08,43055.5601233235
2411,2019-08-09,42277.22826268137
2412,2019-08-10,37206.75946589797
2413,2019-08-11,34737.47983289846
2414,2019-08-12,41273.367641521836
2415,2019-08-13,42668.25128923734
2416,2019-08-14,42830.30635871886
2417,2019-08-15,42799.97007057029
2418,2019-08-16,42261.80588018384
2419,2019-08-17,37425.146346658556
2420,2019-08-18,35179.4848638948
2421,2019-08-19,41925.27020736595
2422,2019-08-20,43513.17522382103
2423,2019-08-21,43848.65393787369
2424,2019-08-22,43969.904096923085
2425,2019-08-23,43559.76701680118
2426,2019-08-24,38826.392326958405
2427,2019-08-25,36658.63804561585
2428,2019-08-26,43456.86014483712
2429,2019-08-27,45072.1634883434
2430,2019-08-28,45410.92929713484
2431,2019-08-29,45512.737336084734
2432,2019-08-30,45062.216106020634
2433,2019-08-31,40269.65026406494
2434,2019-09-01,38026.317477421326
2435,2019-09-02,44735.2107400042
2436,2019-09-03,46250.219943503565
2437,2019-09-04,46480.5897494542
2438,2019-09-05,46468.77377623962
2439,2019-09-06,45902.22008555372
2440,2019-09-07,40993.918725367024
2441,2019-09-08,38637.68486445249
2442,2019-09-09,45238.83464263446
2443,2019-09-10,46653.328364052875
2444,2019-09-11,46792.19864373586
2445,2019-09-12,46699.383806266735
2446,2019-09-13,46063.50153157266
2447,2019-09-14,41098.39325214006
2448,2019-09-15,38698.41234079774
2449,2019-09-16,45269.11250106415
2450,2019-09-17,46666.41009111176
2451,2019-09-18,46801.036949488356
2452,2019-09-19,46716.40287386441
2453,2019-09-20,46100.401537699254
2454,2019-09-21,41165.98912021188
2455,2019-09-22,38806.507482970344
2456,2019-09-23,45426.40716293819
2457,2019-09-24,46880.442870103616
2458,2019-09-25,47078.15714670293
2459,2019-09-26,47061.77058472575
2460,2019-09-27,46518.01180839365
2461,2019-09-28,41658.716107037406
2462,2019-09-29,39376.16435479784
2463,2019-09-30,46073.81748018549
2464,2019-10-01,47605.519348327536
2465,2019-10-02,47879.98405110119
2466,2019-10-03,47938.686482671226
2467,2019-10-04,47467.690002649186
2468,2019-10-05,42678.24075132172
2469,2019-10-06,40462.10098221302
2470,2019-10-07,47222.2774180276
2471,2019-10-08,48812.218215127185
2472,2019-10-09,49140.29519830849
2473,2019-10-10,49247.690824041936
2474,2019-10-11,48820.22413998728
2475,2019-10-12,44068.94563387057
2476,2019-10-13,41885.4735110702
2477,2019-10-14,48672.72741605767
2478,2019-10-15,50284.133022553404
2479,2019-10-16,50628.11382907534
2480,2019-10-17,50745.98913684979
2481,2019-10-18,50323.81185944491
2482,2019-10-19,45572.97532379864
2483,2019-10-20,43385.56078309498
2484,2019-10-21,50165.080785471924
2485,2019-10-22,51765.6909369479
2486,2019-10-23,52096.68553152338
2487,2019-10-24,52200.39522512629
2488,2019-10-25,51764.01970297445
2489,2019-10-26,47000.2239381932
2490,2019-10-27,44802.46937044766
2491,2019-10-28,51575.73495453209
2492,2019-10-29,53175.700643187025
2493,2019-10-30,53513.209036036926
2494,2019-10-31,53632.12387171161
2495,2019-11-01,53221.11905063741
2496,2019-11-02,48494.22775314367
2497,2019-11-03,46346.12415709909
2498,2019-11-04,53181.12465204627
2499,2019-11-05,54857.32966929049
2500,2019-11-06,55286.02936683619
2501,2019-11-07,55511.18761507052
2502,2019-11-08,55221.192592872234
2503,2019-11-09,50629.374593827095
2504,2019-11-10,48629.265068304885
2505,2019-11-11,55625.25457207415
2506,2019-11-12,57471.724842843876
2507,2019-11-13,58077.47324116389
2508,2019-11-14,58483.550494048606
2509,2019-11-15,58375.04736259298
2510,2019-11-16,53961.661322647735
2511,2019-11-17,52133.0168081423
2512,2019-11-18,59289.395829782254
2513,2019-11-19,61280.95295797642
2514,2019-11-20,62012.23131614279
2515,2019-11-21,62520.09860446421
2516,2019-11-22,62485.636568712085
2517,2019-11-23,58114.81255850673
2518,2019-11-24,56293.90409990882
2519,2019-11-25,63420.33055818971
2520,2019-11-26,65341.96310079543
2521,2019-11-27,65961.72686332879
2522,2019-11-28,66315.61170710214
2523,2019-11-29,66084.6225408406
2524,2019-11-30,61475.49567234694
2525,2019-12-01,59376.150269433674
2526,2019-12-02,66186.52755548533
2527,2019-12-03,67757.88794731416
2528,2019-12-04,67997.37952684185
2529,2019-12-05,67945.99424429971
2530,2019-12-06,67290.44337244245
2531,2019-12-07,62243.779764066494
2532,2019-12-08,59700.73760654716
2533,2019-12-09,66068.44441286438
2534,2019-12-10,67205.57803112219
2535,2019-12-11,67026.78504176633
2536,2019-12-12,66580.48025570098
2537,2019-12-13,65560.56240760839
2538,2019-12-14,60186.87734433215
2539,2019-12-15,57360.403229266965
2540,2019-12-16,63493.81631208227
2541,2019-12-17,64450.51373856676
2542,2019-12-18,64148.91324822765
2543,2019-12-19,63640.15264278524
2544,2019-12-20,62619.7268929222
2545,2019-12-21,57307.89648112725
2546,2019-12-22,54604.84325611452
2547,2019-12-23,60921.23350539118
2548,2019-12-24,62117.265239170316
2549,2019-12-25,62107.01939206468
2550,2019-12-26,61936.23701498312
2551,2019-12-27,61294.05885745233
2552,2019-12-28,56393.558841799146
2553,2019-12-29,54127.04502394209
2554,2019-12-30,60896.7845430405
2555,2019-12-31,62554.22590160483
2556,2020-01-01,63004.53426897633
2557,2020-01-02,63284.55760631544
2558,2020-01-03,63074.75558163186
2559,2020-01-04,58579.918299963014
2560,2020-01-05,56684.64403481575
2561,2020-01-06,63784.228235595976
2562,2020-01-07,65724.03321317656
2563,2020-01-08,66404.15064957984
2564,2020-01-09,66857.47166531163
2565,2020-01-10,66761.69391298122
2566,2020-01-11,62320.09085209373
2567,2020-01-12,60417.011201716334
2568,2020-01-13,67448.76036804204
2569,2020-01-14,69262.93349969844
2570,2020-01-15,69763.01328821863
2571,2020-01-16,69986.34891771211
2572,2020-01-17,69616.04795917084
2573,2020-01-18,64861.609288020474
2574,2020-01-19,62614.26846708222
2575,2020-01-20,69277.71127143955
2576,2020-01-21,70707.22921931988
2577,2020-01-22,70814.13466237581
2578,2020-01-23,70643.55638381498
2579,2020-01-24,69886.15203565091
2580,2020-01-25,64758.56990296239
2581,2020-01-26,62158.63560666761
2582,2020-01-27,68495.92324276104
2583,2020-01-28,69630.7881981019
2584,2020-01-29,69478.68204069568
2585,2020-01-30,69087.87267384038
2586,2020-01-31,68151.10766826093
2587,2020-02-01,62886.05414659594
2588,2020-02-02,60190.49100341232
2589,2020-02-03,66472.91241474009
2590,2020-02-04,67591.61863928857
2591,2020-02-05,67459.11261192514
2592,2020-02-06,67119.92302128213
2593,2020-02-07,66262.38875566507
2594,2020-02-08,61099.23461690733
2595,2020-02-09,58522.91026168718
2596,2020-02-10,64936.34725712653
2597,2020-02-11,66192.20605414259
2598,2020-02-12,66197.42716331955
2599,2020-02-13,65991.20310587798
2600,2020-02-14,65256.90211268814
2601,2020-02-15,60202.76987129921
2602,2020-02-16,57717.37808809862
2603,2020-02-17,64200.472049881464
2604,2020-02-18,65502.286845446586
2605,2020-02-19,65528.14500112936
2606,2020-02-20,65316.45122082048
2607,2020-02-21,64550.61498722792
2608,2020-02-22,59439.72777397919
2609,2020-02-23,56873.964730176864
2610,2020-02-24,63255.364726826345
2611,2020-02-25,64437.060684033146
2612,2020-02-26,64327.77567919635
2613,2020-02-27,63969.703676362304
2614,2020-02-28,63050.30909568013
2615,2020-02-29,57782.87564556538
2616,2020-03-01,55061.778058431344
2617,2020-03-02,61293.13439594068
2618,2020-03-03,62333.91451032403
2619,2020-03-04,62096.323617888746
2620,2020-03-05,61625.58297167614
2621,2020-03-06,60611.64460488386
2622,2020-03-07,55269.672849900395
2623,2020-03-08,52522.81626758894
2624,2020-03-09,58750.18761785634
2625,2020-03-10,59808.610449792104
2626,2020-03-11,59609.46880107906
2627,2020-03-12,59196.52255033069
2628,2020-03-13,58257.67591123853
2629,2020-03-14,53005.52998884846
2630,2020-03-15,50332.69251640051
2631,2020-03-16,56642.50092063852
2632,2020-03-17,57788.231840882436
2633,2020-03-18,57677.612732061105
2634,2020-03-19,57350.753453033925
2635,2020-03-20,56492.03008872537
2636,2020-03-21,51310.74849418817
2637,2020-03-22,48696.557397370154
2638,2020-03-23,55050.26417009594
2639,2020-03-24,56223.12368682001
2640,2020-03-25,56121.413602209956
2641,2020-03-26,55784.41212299909
2642,2020-03-27,54896.309219376264
2643,2020-03-28,49666.87801904538
2644,2020-03-29,46986.87605225932
2645,2020-03-30,53258.829868048146
2646,2020-03-31,54336.27441582122
2647,2020-04-01,54128.26203080096
2648,2020-04-02,53677.25909298075
2649,2020-04-03,52670.96372550548
2650,2020-04-04,47322.87405025063
2651,2020-04-05,44527.57971543524
2652,2020-04-06,50691.43344473127
2653,2020-04-07,51671.677317393056
2654,2020-04-08,51380.841926303394
2655,2020-04-09,50864.53968456399
2656,2020-04-10,49813.18865130351
2657,2020-04-11,44442.499114155435
2658,2020-04-12,41648.69800117417
2659,2020-04-13,47839.14980011795
2660,2020-04-14,48871.45014001582
2661,2020-04-15,48657.8111031565
2662,2020-04-16,48242.859911318774
2663,2020-04-17,47315.38717274424
2664,2020-04-18,42088.87619334359
2665,2020-04-19,39456.78716413833
2666,2020-04-20,45823.25315433232
2667,2020-04-21,47042.261880056685
2668,2020-04-22,47022.13976148241
2669,2020-04-23,46803.45706067063
2670,2020-04-24,46070.88722317827
2671,2020-04-25,41033.8487403619
2672,2020-04-26,38581.90012766671
2673,2020-04-27,45115.541793908764
2674,2020-04-28,46485.495771342234
2675,2020-04-29,46597.27705728637
2676,2020-04-30,46489.17291754474
2677,2020-05-01,45844.16121821841
2678,2020-05-02,40870.594492733086
2679,2020-05-03,38457.6192182004
2680,2020-05-04,45005.98347503212
2681,2020-05-05,46367.30389283856
2682,2020-05-06,46448.60610156134
2683,2020-05-07,46290.256023747774
2684,2020-05-08,45577.81454798438
2685,2020-05-09,40522.64420580131
2686,2020-05-10,38017.23962658021
2687,2020-05-11,44465.93756104819
2688,2020-05-12,45724.0802322363
2689,2020-05-13,45702.4492438673
2690,2020-05-14,45445.0904601425
2691,2020-05-15,44641.0654530828
2692,2020-05-16,39504.961084709736
2693,2020-05-17,36932.1317483091
2694,2020-05-18,43329.332534542096
2695,2020-05-19,44553.81921206459
2696,2020-05-20,44517.73397785333
2697,2020-05-21,44265.89866497971
2698,2020-05-22,43487.55178886941
2699,2020-05-23,38396.86127785167
2700,2020-05-24,35888.18717676913
2701,2020-05-25,42366.7518512378
2702,2020-05-26,43687.79236415593
2703,2020-05-27,43761.01232098742
2704,2020-05-28,43628.45282174025
2705,2020-05-29,42976.31652290503
2706,2020-05-30,38015.574019471656
2707,2020-05-31,35637.32402170824
2708,2020-06-01,42243.56194342748
2709,2020-06-02,43686.42865377386
2710,2020-06-03,43872.75384383894
2711,2020-06-04,43842.01095998198
2712,2020-06-05,43278.21525771894
2713,2020-06-06,38390.59204408632
2714,2020-06-07,36068.98481018473
2715,2020-06-08,42714.656516948315
2716,2020-06-09,44179.55489024854
2717,2020-06-10,44370.85576256369
2718,2020-06-11,44328.90149149829
2719,2020-06-12,43739.066575823934
2720,2020-06-13,38812.37857350518
2721,2020-06-14,36440.865497999985
2722,2020-06-15,43028.28482389435
2723,2020-06-16,44429.3071625538
2724,2020-06-17,44553.97112203656
2725,2020-06-18,44445.52905554239
2726,2020-06-19,43792.21861304964
2727,2020-06-20,38807.7910310461
2728,2020-06-21,36386.77012091257
2729,2020-06-22,42935.09974433577
2730,2020-06-23,44309.25528768836
2731,2020-06-24,44420.63782585998
2732,2020-06-25,44313.3725156735
2733,2020-06-26,43676.04757762195
2734,2020-06-27,38722.22581093471
2735,2020-06-28,36345.70315011188
2736,2020-06-29,42951.17212091338
2737,2020-06-30,44393.36529845439
2738,2020-07-01,44581.49658138369
2739,2020-07-02,44557.1205053326
2740,2020-07-03,44005.94423508733
2741,2020-07-04,39138.422109122395
2742,2020-07-05,36845.10488114541
2743,2020-07-06,43527.398929641975
2744,2020-07-07,45036.807801882234
2745,2020-07-08,45279.471099361916
2746,2020-07-09,45294.11813154673
2747,2020-07-10,44763.966877694045
2748,2020-07-11,39897.40255023882
2749,2020-07-12,37583.391682627225
2750,2020-07-13,44222.29893428427
2751,2020-07-14,45665.170380796044
2752,2020-07-15,45818.29845448725
2753,2020-07-16,45721.18516774153
2754,2020-07-17,45058.435216265585
2755,2020-07-18,40040.40642937098
2756,2020-07-19,37558.58800649125
2757,2020-07-20,44016.36085387145
2758,2020-07-21,45268.21220375067
2759,2020-07-22,45224.22011589673
2760,2020-07-23,44927.926638448116
2761,2020-07-24,44068.13362827147
2762,2020-07-25,38859.451289962344
2763,2020-07-26,36197.57258203398
2764,2020-07-27,42489.93055409977
2765,2020-07-28,43594.81351248878
2766,2020-07-29,43425.756219013405
2767,2020-07-30,43029.32832420469
2768,2020-07-31,42096.85621329225
2769,2020-08-01,36844.91019850016
2770,2020-08-02,34170.53172791136
2771,2020-08-03,40481.85880549048
2772,2020-08-04,41637.225232556026
2773,2020-08-05,41549.55215544836
2774,2020-08-06,41264.15296440997
2775,2020-08-07,40470.48713989801
2776,2020-08-08,35382.69399234027
2777,2020-08-09,32894.87960513474
2778,2020-08-10,39411.81348490332
2779,2020-08-11,40788.10855847411
2780,2020-08-12,40932.70080948619
2781,2020-08-13,40886.74724906121
2782,2020-08-14,40335.475375245645
2783,2020-08-15,35488.81260192902
2784,2020-08-16,33236.766547461804
2785,2020-08-17,39980.210375848575
2786,2020-08-18,41570.14469184443
2787,2020-08-19,41912.250369542155
2788,2020-08-20,42044.849370431446
2789,2020-08-21,41650.80537993471
2790,2020-08-22,36938.19176019778
2791,2020-08-23,34795.697087304434
2792,2020-08-24,41623.42221443884
2793,2020-08-25,43272.14047800828
2794,2020-08-26,43647.83589628592
2795,2020-08-27,43789.6372197807
2796,2020-08-28,43381.68076443366
2797,2020-08-29,38633.7308894119
2798,2020-08-30,36436.52996585961
2799,2020-08-31,43192.53352041282
2800,2020-09-01,44755.10402111676
2801,2020-09-02,45032.98006008451
2802,2020-09-03,45068.140692590096
2803,2020-09-04,44547.599707298934
2804,2020-09-05,39683.960423927216
2805,2020-09-06,37370.70444432776
2806,2020-09-07,44012.871424912366
2807,2020-09-08,45466.204494173915
2808,2020-09-09,45641.57897181496
2809,2020-09-10,45582.834781595586
2810,2020-09-11,44978.54768744516
2811,2020-09-12,40042.57002720285
2812,2020-09-13,37669.31418154465
2813,2020-09-14,44264.4354088379
2814,2020-09-15,45683.98800853605
2815,2020-09-16,45838.87161584421
2816,2020-09-17,45772.687010997484
2817,2020-09-18,45173.535446857146
2818,2020-09-19,40254.59097105575
2819,2020-09-20,37909.41775189173
2820,2020-09-21,44542.68782321155
2821,2020-09-22,46009.372049158745
2822,2020-09-23,46219.22004094063
2823,2020-09-24,46214.64746184042
2824,2020-09-25,45682.563928575975
2825,2020-09-26,40834.97036157339
2826,2020-09-27,38564.29735561415
2827,2020-09-28,45274.13974048357
2828,2020-09-29,46818.460079581375
2829,2020-09-30,47106.07696856873
2830,2020-10-01,47178.55686970752
2831,2020-10-02,46722.043137693385
2832,2020-10-03,41947.851658955784
2833,2020-10-04,39747.805337257596
2834,2020-10-05,46524.96331487187
2835,2020-10-06,48132.81842007314
2836,2020-10-07,48479.7794338083
2837,2020-10-08,48607.05759478571
2838,2020-10-09,48200.49160369106
2839,2020-10-10,43471.141045129545
2840,2020-10-11,41310.620825003985
2841,2020-10-12,48121.83272646752
2842,2020-10-13,49758.16762609191
2843,2020-10-14,50127.99484551698
2844,2020-10-15,50272.55777266468
2845,2020-10-16,49877.80957012935
2846,2020-10-17,45155.01830321902
2847,2020-10-18,42996.11337772351
2848,2020-10-19,49804.428590871066
2849,2020-10-20,51433.91447475352
2850,2020-10-21,51793.63552194664
2851,2020-10-22,51925.67055401724
2852,2020-10-23,51516.949230797065
2853,2020-10-24,46779.85330428163
2854,2020-10-25,44607.553908002585
2855,2020-10-26,51404.739747939624
2856,2020-10-27,53026.80862886889
2857,2020-10-28,53384.33787477194
2858,2020-10-29,53520.95210409834
2859,2020-10-30,53125.121797257634
2860,2020-10-31,48410.72193975557
2861,2020-11-01,46272.322942580875
2862,2020-11-02,53115.869831478565
2863,2020-11-03,54797.82345411417
2864,2020-11-04,55229.58073413106
2865,2020-11-05,55455.29402086043
2866,2020-11-06,55163.62462841459
2867,2020-11-07,50568.261524520385
2868,2020-11-08,48563.17901254144
2869,2020-11-09,55553.29095146556
2870,2020-11-10,57393.57666990427
2871,2020-11-11,57993.49681448762
2872,2020-11-12,58389.29304520812
2873,2020-11-13,58272.34284215072
2874,2020-11-14,53853.129736712195
2875,2020-11-15,52022.07379675119
2876,2020-11-16,59180.24403139878
2877,2020-11-17,61178.554209247
2878,2020-11-18,61922.25918951328
2879,2020-11-19,62448.87127526042
2880,2020-11-20,62440.03051661054
2881,2020-11-21,58102.15813195633
2882,2020-11-22,56321.86449219131
2883,2020-11-23,63496.76624534243
2884,2020-11-24,65474.78426025723
2885,2020-11-25,66158.73671375538
2886,2020-11-26,66584.34407071868
2887,2020-11-27,66432.17721847558
2888,2020-11-28,61908.375426873296
2889,2020-11-29,59900.103327929406
2890,2020-11-30,66806.39955755459
2891,2020-12-01,68477.48718305571
2892,2020-12-02,68819.359122544
2893,2020-12-03,68871.75466777697
2894,2020-12-04,68320.05824914345
2895,2020-12-05,63375.94752557503
2896,2020-12-06,60932.76094583914
2897,2020-12-07,67396.23890733768
2898,2020-12-08,68623.7106297408
2899,2020-12-09,68528.5424122603
2900,2020-12-10,68157.9662698581
2901,2020-12-11,67204.82332432162
2902,2020-12-12,61888.052551094486
2903,2020-12-13,59107.89874112012
2904,2020-12-14,65276.49762028904
2905,2020-12-15,66256.91406705567
2906,2020-12-16,65967.4528284821
2907,2020-12-17,65459.36427106325
2908,2020-12-18,64428.48279775683
2909,2020-12-19,59095.63141224743
2910,2020-12-20,56361.768713219004
2911,2020-12-21,62638.53815737137
2912,2020-12-22,63787.29684245903
2913,2020-12-23,63723.44389197038
2914,2020-12-24,63494.171002388204
2915,2020-12-25,62790.172140980074
2916,2020-12-26,57826.14457031728
2917,2020-12-27,55496.05553921742
2918,2020-12-28,62203.83193960672
2919,2020-12-29,63802.54710024569
2920,2020-12-30,64198.92125148926
2921,2020-12-31,64431.254290263925
2922,2021-01-01,64181.32361434617
2923,2021-01-02,59655.07479944913
2924,2021-01-03,57738.07498329728
2925,2021-01-04,64826.38181980591
2926,2021-01-05,66765.89789105035
2927,2021-01-06,67457.0230902381
2928,2021-01-07,67932.71995021986
2929,2021-01-08,67870.52149381499
2930,2021-01-09,63473.30673128972
2931,2021-01-10,61624.811636405066
2932,2021-01-11,68720.5271005385
2933,2021-01-12,70607.05309519102
2934,2021-01-13,71186.72162400838
2935,2021-01-14,71495.60423202187
2936,2021-01-15,71215.43514696702
2937,2021-01-16,66554.27734601923
2938,2021-01-17,64401.90215987674
2939,2021-01-18,71160.53723703427
2940,2021-01-19,72684.05587815783
2941,2021-01-20,72882.42446006887
2942,2021-01-21,72799.52810743167
2943,2021-01-22,72124.91021532114
2944,2021-01-23,67074.25766488213
2945,2021-01-24,64544.60679622277
2946,2021-01-25,70944.92920037874
2947,2021-01-26,72135.1742591079
2948,2021-01-27,72030.58864738175
2949,2021-01-28,71679.43594146153
2950,2021-01-29,70774.65433362924
2951,2021-01-30,65534.28604725464
2952,2021-01-31,62856.65457947447
2953,2021-02-01,69150.94918420223
2954,2021-02-02,70276.29315860811
2955,2021-02-03,70146.11508002813
2956,2021-02-04,69805.94439972757
2957,2021-02-05,68945.16704057569
2958,2021-02-06,63777.57168828933
2959,2021-02-07,61196.659531006495
2960,2021-02-08,67606.37311466345
2961,2021-02-09,68860.31685931262
2962,2021-02-10,68866.28420852264
2963,2021-02-11,68664.20859467043
2964,2021-02-12,67938.06971396704
2965,2021-02-13,62896.58182717004
2966,2021-02-14,60428.633154092655
2967,2021-02-15,66934.12872659242
2968,2021-02-16,68263.30641349734
2969,2021-02-17,68321.3388007808
2970,2021-02-18,68146.33642215986
2971,2021-02-19,67421.28278718925
2972,2021-02-20,62354.72753970242
2973,2021-02-21,59836.207098620616
2974,2021-02-22,66267.04608232298
2975,2021-02-23,67499.61078657476
2976,2021-02-24,67441.8295254504
2977,2021-02-25,67135.09796175736
2978,2021-02-26,66266.1029313116
2979,2021-02-27,61047.394486900754
2980,2021-02-28,58372.67914427288
2981,2021-03-01,64647.49139383209
2982,2021-03-02,65728.31853566128
2983,2021-03-03,65526.99735167624
2984,2021-03-04,65088.50425999785
2985,2021-03-05,64102.675688175455
2986,2021-03-06,58784.69124992641
2987,2021-03-07,56030.29511395143
2988,2021-03-08,62246.41451765625
2989,2021-03-09,63290.25180619201
2990,2021-03-10,63073.66923456259
2991,2021-03-11,62640.9882865673
2992,2021-03-12,61680.73974360863
2993,2021-03-13,56406.195991383815
2994,2021-03-14,53710.65929937031
2995,2021-03-15,59998.16286861553
2996,2021-03-16,61122.658432062315
2997,2021-03-17,60992.50664906726
2998,2021-03-18,60648.389023404045
2999,2021-03-19,59775.17376912287
3000,2021-03-20,54582.56403815164
3001,2021-03-21,51960.49858794351
3002,2021-03-22,58309.958396338276
3003,2021-03-23,59482.249900968265
3004,2021-03-24,59383.5783478588
3005,2021-03-25,59053.02736945012
3006,2021-03-26,58174.475671609114
3007,2021-03-27,52957.277400651416
3008,2021-03-28,50291.675584251745
3009,2021-03-29,56579.601799510405
3010,2021-03-30,57673.93301209705
3011,2021-03-31,57483.01990716001
3012,2021-04-01,57048.60421000225
3013,2021-04-02,56057.65775402223
3014,2021-04-03,50722.97218705254
3015,2021-04-04,47938.47140377896
3016,2021-04-05,54109.902843913034
3017,2021-04-06,55093.981792359824
3018,2021-04-07,54802.806305436236
3019,2021-04-08,54281.66357953562
3020,2021-04-09,53220.76375712473
3021,2021-04-10,47835.73312302199
3022,2021-04-11,45022.84157747173
3023,2021-04-12,51189.62298056805
3024,2021-04-13,52193.96454607762
3025,2021-04-14,51948.484478823055
3026,2021-04-15,51498.319727502
3027,2021-04-16,50532.86035935626
3028,2021-04-17,45266.26246497207
3029,2021-04-18,42592.71388117802
3030,2021-04-19,48917.110195134155
3031,2021-04-20,50094.215576015646
3032,2021-04-21,50033.12554768461
3033,2021-04-22,49775.15110417682
3034,2021-04-23,49005.65788983987
3035,2021-04-24,43934.68933348054
3036,2021-04-25,41452.34486019083
3037,2021-04-26,47959.56742618724
3038,2021-04-27,49307.41174410442
3039,2021-04-28,49401.60726531833
3040,2021-04-29,49280.53249196521
3041,2021-04-30,48627.13181125006
3042,2021-05-01,43649.60158286037
3043,2021-05-02,41236.81487683647
3044,2021-05-03,47789.13786008994
3045,2021-05-04,49157.70846621111
3046,2021-05-05,49248.991214160465
3047,2021-05-06,49102.725083709745
3048,2021-05-07,48403.79649904715
3049,2021-05-08,43362.86550644101
3050,2021-05-09,40871.71635312562
3051,2021-05-10,47333.98767604309
3052,2021-05-11,48604.35547946845
3053,2021-05-12,48592.98557060944
3054,2021-05-13,48343.37534189799
3055,2021-05-14,47544.120020622155
3056,2021-05-15,42409.43454195115
3057,2021-05-16,39834.405233491176
3058,2021-05-17,46225.62932598006
3059,2021-05-18,47440.318020257546
3060,2021-05-19,47390.68200211562
3061,2021-05-20,47121.72112588263
3062,2021-05-21,46322.954777244406
3063,2021-05-22,41208.9249814403
3064,2021-05-23,38674.44685078214
3065,2021-05-24,45125.26427922941
3066,2021-05-25,46417.18599937006
3067,2021-05-26,46460.51979294955
3068,2021-05-27,46297.925022376054
3069,2021-05-28,45616.218036788785
3070,2021-05-29,40626.960216309235
3071,2021-05-30,38221.80067045077
3072,2021-05-31,44803.22872079813
3073,2021-06-01,46223.8083893018
3074,2021-06-02,46390.70975731888
3075,2021-06-03,46343.65449130349
3076,2021-06-04,45766.80735540374
3077,2021-06-05,40869.44095896344
3078,2021-06-06,38541.343529780315
3079,2021-06-07,45183.62297271565
3080,2021-06-08,46647.97797244505
3081,2021-06-09,46841.2499923682
3082,2021-06-10,46803.372929243305
3083,2021-06-11,46219.25219923832
3084,2021-06-12,41299.40094910438
3085,2021-06-13,38935.304104808085
3086,2021-06-14,45530.16488637897
3087,2021-06-15,46938.106321775034
3088,2021-06-16,47068.64373852656
3089,2021-06-17,46964.547407750986
3090,2021-06-18,46313.62974869127
3091,2021-06-19,41329.28755859259
3092,2021-06-20,38905.7728099172
3093,2021-06-21,45448.8494466301
3094,2021-06-22,46814.91140929727
3095,2021-06-23,46915.38037735895
3096,2021-06-24,46794.504654359145
3097,2021-06-25,46141.095530635044
3098,2021-06-26,41169.033134845566
3099,2021-06-27,38772.51643792703
3100,2021-06-28,45356.715506409164
3101,2021-06-29,46776.90142497735
3102,2021-06-30,46942.87208564599
3103,2021-07-01,46896.79450870139
3104,2021-07-02,46324.99881920048
3105,2021-07-03,41438.55426773369
3106,2021-07-04,39128.59997025533
3107,2021-07-05,45797.08616778866
3108,2021-07-06,47295.99888718608
3109,2021-07-07,47531.883494983136
3110,2021-07-08,47543.785012254724
3111,2021-07-09,47015.13750775444
3112,2021-07-10,42154.43022091391
3113,2021-07-11,39850.62050058296
3114,2021-07-12,46503.94699228803
3115,2021-07-13,47965.21387576771
3116,2021-07-14,48140.3599113889
3117,2021-07-15,48068.428824994044
3118,2021-07-16,47433.472441584316
3119,2021-07-17,42445.213768664595
3120,2021-07-18,39994.440131335214
3121,2021-07-19,46483.78027419098
3122,2021-07-20,47766.93716355407
3123,2021-07-21,47753.19160526087
3124,2021-07-22,47485.294941670865
3125,2021-07-23,46651.28431278766
3126,2021-07-24,41465.05002496637
3127,2021-07-25,38821.6276811441
3128,2021-07-26,45127.871674657225
3129,2021-07-27,46241.58452744945
3130,2021-07-28,46075.919916805215
3131,2021-07-29,45677.180297646984
3132,2021-07-30,44736.54507699747
3133,2021-07-31,39470.56113142579
3134,2021-08-01,36776.3702766591
3135,2021-08-02,43062.331904664294
3136,2021-08-03,44187.1165012797
3137,2021-08-04,44064.08870728673
3138,2021-08-05,43739.10121891148
3139,2021-08-06,42902.235437031224
3140,2021-08-07,37768.32017848739
3141,2021-08-08,35232.20216994107
3142,2021-08-09,41699.425268928346
3143,2021-08-10,43025.39251238176
3144,2021-08-11,43119.827749836164
3145,2021-08-12,43024.6560147508
3146,2021-08-13,42425.83622634238
3147,2021-08-14,37533.97511001163
3148,2021-08-15,35239.693591217474
3149,2021-08-16,41944.40016987962
3150,2021-08-17,43499.54303177306
3151,2021-08-18,43811.15546714996
3152,2021-08-19,43917.81177559158
3153,2021-08-20,43502.52553842934
3154,2021-08-21,38773.41773991252
3155,2021-08-22,36619.12492068371
3156,2021-08-23,43439.6011579258
3157,2021-08-24,45085.38528360634
3158,2021-08-25,45462.14793628169
3159,2021-08-26,45608.636008599875
3160,2021-08-27,45208.54709415483
3161,2021-08-28,40471.162445788184
3162,2021-08-29,38286.70993163723
3163,2021-08-30,45057.11231233775
3164,2021-08-31,46635.193957087875
3165,2021-09-01,46929.16242311818
3166,2021-09-02,46980.48435676394
3167,2021-09-03,46475.69022694024
3168,2021-09-04,41626.93826569131
3169,2021-09-05,39327.310868513945
3170,2021-09-06,45981.50040019471
3171,2021-09-07,47444.958960543605
3172,2021-09-08,47628.329749691926
3173,2021-09-09,47575.28045956
3174,2021-09-10,46974.27390255962
3175,2021-09-11,42039.10667702132
3176,2021-09-12,39664.18926836416
3177,2021-09-13,46255.2244092737
3178,2021-09-14,47668.35787521786
3179,2021-09-15,47814.618747874636
3180,2021-09-16,47737.768764038854
3181,2021-09-17,47126.09498712917
3182,2021-09-18,42192.97550051338
3183,2021-09-19,39832.19033775025
3184,2021-09-20,46448.633247569705
3185,2021-09-21,47897.49724794773
3186,2021-09-22,48088.74982260486
3187,2021-09-23,48065.01628087614
3188,2021-09-24,47513.40453747198
3189,2021-09-25,42646.10017557732
3190,2021-09-26,40355.703340139036
3191,2021-09-27,47045.96257383986
3192,2021-09-28,48570.97825678255
3193,2021-09-29,48839.69140203555
3194,2021-09-30,48893.77641354272
3195,2021-10-01,48419.47132184074
3196,2021-10-02,43628.174773720086
3197,2021-10-03,41411.781864350734
3198,2021-10-04,48173.41456610993
3199,2021-10-05,49766.62012285487
3200,2021-10-06,50099.85390288109
3201,2021-10-07,50214.366053417936
3202,2021-10-08,49796.026171198886
3203,2021-10-09,45055.91589223925
3204,2021-10-10,42885.66201603718
3205,2021-10-11,49688.166317411014
3206,2021-10-12,51316.80566877198
3207,2021-10-13,51679.91905747926
3208,2021-10-14,51818.700766680166
3209,2021-10-15,51419.033689695614
3210,2021-10-16,46692.092276766656
3211,2021-10-17,44529.687176745574
3212,2021-10-18,51335.00704779417
3213,2021-10-19,52961.83037988566
3214,2021-10-20,53319.023064191155
3215,2021-10-21,53448.440094171565
3216,2021-10-22,53036.76448860493
3217,2021-10-23,48296.11209827273
3218,2021-10-24,46119.373604172775
3219,2021-10-25,52910.94854619684
3220,2021-10-26,54525.94374446658
3221,2021-10-27,54874.651552547824
3222,2021-10-28,55000.42624079261
3223,2021-10-29,54591.491741372105
3224,2021-10-30,49861.509795971986
3225,2021-10-31,47704.88043377123
3226,2021-11-01,54527.430473334905
3227,2021-11-02,56185.56348401993
3228,2021-11-03,56590.687916904026
3229,2021-11-04,56787.04313868471
3230,2021-11-05,56463.45816242071
3231,2021-11-06,51833.87376024083
3232,2021-11-07,49792.6015622248
3233,2021-11-08,56744.9774910802
3234,2021-11-09,58546.48454824834
3235,2021-11-10,59107.16311070184
3236,2021-11-11,59469.429736425445
3237,2021-11-12,59319.84030241455
3238,2021-11-13,54869.62890987556
3239,2021-11-14,53009.99659247878
3240,2021-11-15,60142.8072598105
3241,2021-11-16,62119.76560472516
3242,2021-11-17,62846.89446667419
3243,2021-11-18,63362.431602555254
3244,2021-11-19,63348.68027401477
3245,2021-11-20,59012.643327920465
3246,2021-11-21,57241.41273725584
3247,2021-11-22,64432.96970220933
3248,2021-11-23,66435.4674977517
3249,2021-11-24,67151.81187009427
3250,2021-11-25,67617.65616650297
3251,2021-11-26,67513.3428367913
3252,2021-11-27,63044.61828577808
3253,2021-11-28,61098.09049814955
3254,2021-11-29,68072.08221562288
3255,2021-11-30,69815.94983282725
3256,2021-12-01,70234.6811587798
3257,2021-12-02,70366.88799594356
3258,2021-12-03,69896.7244139932
3259,2021-12-04,65034.557443375714
3260,2021-12-05,62672.35988711126
3261,2021-12-06,69214.47884782453
3262,2021-12-07,70516.85148953594
3263,2021-12-08,70491.48304950228
3264,2021-12-09,70184.30540242606
3265,2021-12-10,69286.94983772197
3266,2021-12-11,64017.26393087851
3267,2021-12-12,61274.54566224078
3268,2021-12-13,67470.15205368385
3269,2021-12-14,68466.55764082215
3270,2021-12-15,68181.68162812863
3271,2021-12-16,67666.60579203465
3272,2021-12-17,66617.22039096605
3273,2021-12-18,61254.63129864679
3274,2021-12-19,58480.304496140336
3275,2021-12-20,64706.60773768385
3276,2021-12-21,65795.82674215255
3277,2021-12-22,65664.47621903013
3278,2021-12-23,65361.0286360508
3279,2021-12-24,64577.59817793462
3280,2021-12-25,59530.41263613808
3281,2021-12-26,57115.04822410328
3282,2021-12-27,63737.08534625107
3283,2021-12-28,65251.260277732814
3284,2021-12-29,65565.93011261473
3285,2021-12-30,65720.97044937726
3286,2021-12-31,65399.63941899014
